sde_id,sde_name,group,C1_ViewShare_Pct,C2_Attendance_Pct,C3_Nations,C4_RegisteredAthletes,C5_Top5AvgFollowers_10k,S_PerCapitaCost_KUSD,inclusivity_P,inclusivity_D,inclusivity_B,inclusivity_R,inclusivity_T,doping_screening,injury_incidence_rate,fairness_enforcement,resource_consumption_index,carbon_emissions_index,R1_YoungAppeal,R2_YearScore,X1,X2,X3,programme_continuity,source,notes
BOXING,拳击 (Boxing),removed,3.0,85,152,20000000,1000,60,0.9877,1.0,0.9683,0.9929,1.0,1,0.6583,1,0.6500,0.8744,0.72,0.25,0.9919,0.8571,0.5846,0.0,Integrated from all submodel input datasets,One-row-per-SDE consolidated input. Inclusivity and gender values are precomputed intermediate factors because their original inputs are country-year tables.
BREAKING,霹雳舞 (Breaking),removed,1.5,80,100,100000,50,30,0.7308,0.5733,0.7086,0.8611,0.7783,1,0.2183,0,0.5500,0.4349,0.95,0.75,0.9697,1.0,0.9697,0.0,Integrated from all submodel input datasets,One-row-per-SDE consolidated input. Inclusivity and gender values are precomputed intermediate factors because their original inputs are country-year tables.
KARATE,空手道 (Karate),removed,1.0,75,200,10000000,20,50,0.9959,0.9733,0.9527,0.9859,0.9133,1,0.5333,1,0.6500,0.9288,0.45,0.50,0.963,1.0,0.963,0.0,Integrated from all submodel input datasets,One-row-per-SDE consolidated input. Inclusivity and gender values are precomputed intermediate factors because their original inputs are country-year tables.
CRICKET,板球 (Cricket T20),new,5.0,80,111,45000000,3000,100,0.8893,0.9067,0.9418,0.9664,0.7333,1,1.0000,1,0.5500,0.5981,0.68,0.00,1.0,1.0,1.0,0.35,Integrated from all submodel input datasets,One-row-per-SDE consolidated input. Inclusivity and gender values are precomputed intermediate factors because their original inputs are country-year tables.
FLAG_FOOTBALL,腰旗橄榄球 (Flag Football),new,2.0,85,70,10000000,50,35,0.7249,0.84,0.9423,0.9806,0.7072,1,0.3083,1,0.3500,0.4307,0.82,0.75,1.0,1.0,1.0,0.35,Integrated from all submodel input datasets,One-row-per-SDE consolidated input. Inclusivity and gender values are precomputed intermediate factors because their original inputs are country-year tables.
SQUASH,壁球 (Squash),new,1.0,70,120,20000000,5,65,0.8692,0.9067,0.9296,0.9479,0.7622,1,0.5917,1,0.7500,0.5688,0.40,0.00,1.0,1.0,1.0,0.35,Integrated from all submodel input datasets,One-row-per-SDE consolidated input. Inclusivity and gender values are precomputed intermediate factors because their original inputs are country-year tables.
LACROSSE_SIXES,六人制长曲棍球 (Lacrosse Sixes),new,1.0,75,92,1000000,2,80,0.7886,0.84,0.903,0.9283,0.78,1,0.2667,1,0.4000,0.4809,0.55,1.00,1.0,1.0,1.0,0.35,Integrated from all submodel input datasets,One-row-per-SDE consolidated input. Inclusivity and gender values are precomputed intermediate factors because their original inputs are country-year tables.
TRACK_CYCLING,场馆自行车 (Cycling Track),continuous,3.0,85,180,50000000,500,75,1.0,1.0,0.961,0.9791,0.82,1,0.1500,1,0.8000,1.0000,0.48,0.25,1.0,1.0,0.6362,1.0,Integrated from all submodel input datasets,One-row-per-SDE consolidated input. Inclusivity and gender values are precomputed intermediate factors because their original inputs are country-year tables.
ATHLETICS,田径 (Athletics),continuous,15.0,100,214,750000000,150,35,1.0,1.0,0.9757,0.9838,0.88,1,0.2750,1,0.5000,1.0000,0.60,0.50,0.9981,1.0,0.9933,1.0,Integrated from all submodel input datasets,One-row-per-SDE consolidated input. Inclusivity and gender values are precomputed intermediate factors because their original inputs are country-year tables.
FENCING,击剑 (Fencing),continuous,1.0,75,150,5000000,5,120,0.9633,0.8933,0.9296,0.9769,0.86,1,0.1167,1,0.6500,0.7656,0.42,0.25,0.9975,1.0,0.9926,1.0,Integrated from all submodel input datasets,One-row-per-SDE consolidated input. Inclusivity and gender values are precomputed intermediate factors because their original inputs are country-year tables.
SWIMMING,游泳 (Swimming),continuous,12.0,100,209,30000000,100,80,1.0,1.0,0.9617,0.9814,1.0,1,0.0333,1,0.9000,0.9874,0.58,0.50,0.9387,1.0,0.9185,1.0,Integrated from all submodel input datasets,One-row-per-SDE consolidated input. Inclusivity and gender values are precomputed intermediate factors because their original inputs are country-year tables.
JUDO,柔道 (Judo),continuous,2.0,90,207,20000000,30,50,0.9995,1.0,0.969,0.9908,1.0,1,0.5583,1,0.6500,0.9581,0.44,0.25,0.9881,1.0,0.9076,1.0,Integrated from all submodel input datasets,One-row-per-SDE consolidated input. Inclusivity and gender values are precomputed intermediate factors because their original inputs are country-year tables.
MODERN_PENTATHLON,现代五项 (Modern Pentathlon),continuous,0.5,60,110,500000,2,300,0.8866,0.84,0.8899,0.9596,0.7978,1,0.3250,1,0.8000,0.5940,0.30,0.50,1.0,1.0,1.0,1.0,Integrated from all submodel input datasets,One-row-per-SDE consolidated input. Inclusivity and gender values are precomputed intermediate factors because their original inputs are country-year tables.
SHOOTING,射击 (Shooting),continuous,1.0,60,158,10000000,5,150,0.9514,0.9067,0.9002,0.9645,1.0,1,0.0000,1,0.6000,0.7279,0.22,0.50,0.9946,1.0,0.8177,1.0,Integrated from all submodel input datasets,One-row-per-SDE consolidated input. Inclusivity and gender values are precomputed intermediate factors because their original inputs are country-year tables.
BADMINTON,羽毛球 (Badminton),continuous,3.0,75,204,220000000,50,45,0.9847,0.9867,0.9595,0.9947,0.8711,1,0.4167,1,0.7000,0.8577,0.62,0.50,0.9773,1.0,0.9567,1.0,Integrated from all submodel input datasets,One-row-per-SDE consolidated input. Inclusivity and gender values are precomputed intermediate factors because their original inputs are country-year tables.
WEIGHTLIFTING,举重 (Weightlifting),continuous,1.0,70,190,15000000,10,60,0.9839,1.0,0.9756,0.993,0.9956,1,0.4833,0,0.6500,0.8535,0.25,0.50,1.0,1.0,0.8208,1.0,Integrated from all submodel input datasets,One-row-per-SDE consolidated input. Inclusivity and gender values are precomputed intermediate factors because their original inputs are country-year tables.
TENNIS,网球 (Tennis),continuous,6.0,95,207,106000000,1000,55,1.0,1.0,0.9715,0.9853,0.8889,1,0.3917,1,0.5000,0.9623,0.70,0.25,1.0,1.0,0.9939,1.0,Integrated from all submodel input datasets,One-row-per-SDE consolidated input. Inclusivity and gender values are precomputed intermediate factors because their original inputs are country-year tables.
FOOTBALL,足球 (Football),continuous,8.0,90,211,265000000,30000,25,0.9975,0.96,0.948,0.9738,0.8089,1,0.7417,1,0.5500,0.9414,0.88,0.25,0.8498,1.0,0.8734,1.0,Integrated from all submodel input datasets,One-row-per-SDE consolidated input. Inclusivity and gender values are precomputed intermediate factors because their original inputs are country-year tables.
BASKETBALL,篮球 (Basketball),continuous,7.0,100,213,450000000,8000,40,0.999,1.0,0.9712,0.9917,0.7911,1,0.8167,1,0.7000,0.9540,0.90,0.50,0.993,1.0,0.993,1.0,Integrated from all submodel input datasets,One-row-per-SDE consolidated input. Inclusivity and gender values are precomputed intermediate factors because their original inputs are country-year tables.
DIVING,跳水 (Diving),continuous,4.0,85,209,2000000,100,90,1.0,1.0,0.9617,0.9817,0.7978,1,0.0750,0,0.9000,0.9833,0.50,0.25,0.9651,1.0,0.9629,1.0,Integrated from all submodel input datasets,One-row-per-SDE consolidated input. Inclusivity and gender values are precomputed intermediate factors because their original inputs are country-year tables.
FIELD_HOCKEY,场地曲棍球 (Field Hockey),continuous,1.0,80,140,3000000,10,85,0.9201,0.92,0.9486,0.9859,0.7333,1,0.6167,1,0.6000,0.6526,0.38,0.25,0.9783,1.0,0.9819,1.0,Integrated from all submodel input datasets,One-row-per-SDE consolidated input. Inclusivity and gender values are precomputed intermediate factors because their original inputs are country-year tables.
