sde_id,sde_name,period_order,period_label,country_code,country_name,continent,m49_subregion,unit_type,activity_status,coverage_status,source,notes
SHOOTING,射击 (Shooting),1,2016 Olympic shooting,AGO,Angola,Africa,Middle Africa,noc,active,partial,https://www.issf-sports.org/competitions/1664/results,Historical official-event participation evidence; lower-bound activity record.
SHOOTING,射击 (Shooting),1,2016 Olympic shooting,AND,Andorra,Europe,Southern Europe,noc,active,partial,https://www.issf-sports.org/competitions/1664/results,Historical official-event participation evidence; lower-bound activity record.
SHOOTING,射击 (Shooting),1,2016 Olympic shooting,ARE,United Arab Emirates,Asia,Western Asia,noc,active,partial,https://www.issf-sports.org/competitions/1664/results,Historical official-event participation evidence; lower-bound activity record.
SHOOTING,射击 (Shooting),1,2016 Olympic shooting,ARG,Argentina,Americas,South America,noc,active,partial,https://www.issf-sports.org/competitions/1664/results,Historical official-event participation evidence; lower-bound activity record.
SHOOTING,射击 (Shooting),1,2016 Olympic shooting,ARM,Armenia,Asia,Western Asia,noc,active,partial,https://www.issf-sports.org/competitions/1664/results,Historical official-event participation evidence; lower-bound activity record.
SHOOTING,射击 (Shooting),1,2016 Olympic shooting,AUS,Australia,Oceania,Australia and New Zealand,noc,active,partial,https://www.issf-sports.org/competitions/1664/results,Historical official-event participation evidence; lower-bound activity record.
SHOOTING,射击 (Shooting),1,2016 Olympic shooting,AUT,Austria,Europe,Central Europe,noc,active,partial,https://www.issf-sports.org/competitions/1664/results,Historical official-event participation evidence; lower-bound activity record.
SHOOTING,射击 (Shooting),1,2016 Olympic shooting,AZE,Azerbaijan,Asia,Western Asia,noc,active,partial,https://www.issf-sports.org/competitions/1664/results,Historical official-event participation evidence; lower-bound activity record.
SHOOTING,射击 (Shooting),1,2016 Olympic shooting,BEL,Belgium,Europe,Western Europe,noc,active,partial,https://www.issf-sports.org/competitions/1664/results,Historical official-event participation evidence; lower-bound activity record.
SHOOTING,射击 (Shooting),1,2016 Olympic shooting,BGD,Bangladesh,Asia,Southern Asia,noc,active,partial,https://www.issf-sports.org/competitions/1664/results,Historical official-event participation evidence; lower-bound activity record.
SHOOTING,射击 (Shooting),1,2016 Olympic shooting,BGR,Bulgaria,Europe,Southeast Europe,noc,active,partial,https://www.issf-sports.org/competitions/1664/results,Historical official-event participation evidence; lower-bound activity record.
SHOOTING,射击 (Shooting),1,2016 Olympic shooting,BHR,Bahrain,Asia,Western Asia,noc,active,partial,https://www.issf-sports.org/competitions/1664/results,Historical official-event participation evidence; lower-bound activity record.
SHOOTING,射击 (Shooting),1,2016 Olympic shooting,BIH,Bosnia and Herzegovina,Europe,Southeast Europe,noc,active,partial,https://www.issf-sports.org/competitions/1664/results,Historical official-event participation evidence; lower-bound activity record.
SHOOTING,射击 (Shooting),1,2016 Olympic shooting,BLR,Belarus,Europe,Eastern Europe,noc,active,partial,https://www.issf-sports.org/competitions/1664/results,Historical official-event participation evidence; lower-bound activity record.
SHOOTING,射击 (Shooting),1,2016 Olympic shooting,BOL,Bolivia,Americas,South America,noc,active,partial,https://www.issf-sports.org/competitions/1664/results,Historical official-event participation evidence; lower-bound activity record.
SHOOTING,射击 (Shooting),1,2016 Olympic shooting,BRA,Brazil,Americas,South America,noc,active,partial,https://www.issf-sports.org/competitions/1664/results,Historical official-event participation evidence; lower-bound activity record.
SHOOTING,射击 (Shooting),1,2016 Olympic shooting,BRB,Barbados,Americas,Caribbean,noc,active,partial,https://www.issf-sports.org/competitions/1664/results,Historical official-event participation evidence; lower-bound activity record.
SHOOTING,射击 (Shooting),1,2016 Olympic shooting,BTN,Bhutan,Asia,Southern Asia,noc,active,partial,https://www.issf-sports.org/competitions/1664/results,Historical official-event participation evidence; lower-bound activity record.
SHOOTING,射击 (Shooting),1,2016 Olympic shooting,CAN,Canada,Americas,North America,noc,active,partial,https://www.issf-sports.org/competitions/1664/results,Historical official-event participation evidence; lower-bound activity record.
SHOOTING,射击 (Shooting),1,2016 Olympic shooting,CHE,Switzerland,Europe,Western Europe,noc,active,partial,https://www.issf-sports.org/competitions/1664/results,Historical official-event participation evidence; lower-bound activity record.
SHOOTING,射击 (Shooting),1,2016 Olympic shooting,CHL,Chile,Americas,South America,noc,active,partial,https://www.issf-sports.org/competitions/1664/results,Historical official-event participation evidence; lower-bound activity record.
SHOOTING,射击 (Shooting),1,2016 Olympic shooting,CHN,China,Asia,Eastern Asia,noc,active,partial,https://www.issf-sports.org/competitions/1664/results,Historical official-event participation evidence; lower-bound activity record.
SHOOTING,射击 (Shooting),1,2016 Olympic shooting,COL,Colombia,Americas,South America,noc,active,partial,https://www.issf-sports.org/competitions/1664/results,Historical official-event participation evidence; lower-bound activity record.
SHOOTING,射击 (Shooting),1,2016 Olympic shooting,CUB,Cuba,Americas,Caribbean,noc,active,partial,https://www.issf-sports.org/competitions/1664/results,Historical official-event participation evidence; lower-bound activity record.
SHOOTING,射击 (Shooting),1,2016 Olympic shooting,CYP,Cyprus,Europe,Southern Europe,noc,active,partial,https://www.issf-sports.org/competitions/1664/results,Historical official-event participation evidence; lower-bound activity record.
SHOOTING,射击 (Shooting),1,2016 Olympic shooting,CZE,Czechia,Europe,Central Europe,noc,active,partial,https://www.issf-sports.org/competitions/1664/results,Historical official-event participation evidence; lower-bound activity record.
SHOOTING,射击 (Shooting),1,2016 Olympic shooting,DEU,Germany,Europe,Western Europe,noc,active,partial,https://www.issf-sports.org/competitions/1664/results,Historical official-event participation evidence; lower-bound activity record.
SHOOTING,射击 (Shooting),1,2016 Olympic shooting,DNK,Denmark,Europe,Northern Europe,noc,active,partial,https://www.issf-sports.org/competitions/1664/results,Historical official-event participation evidence; lower-bound activity record.
SHOOTING,射击 (Shooting),1,2016 Olympic shooting,DOM,Dominican Republic,Americas,Caribbean,noc,active,partial,https://www.issf-sports.org/competitions/1664/results,Historical official-event participation evidence; lower-bound activity record.
SHOOTING,射击 (Shooting),1,2016 Olympic shooting,DZA,Algeria,Africa,Northern Africa,noc,active,partial,https://www.issf-sports.org/competitions/1664/results,Historical official-event participation evidence; lower-bound activity record.
SHOOTING,射击 (Shooting),1,2016 Olympic shooting,ECU,Ecuador,Americas,South America,noc,active,partial,https://www.issf-sports.org/competitions/1664/results,Historical official-event participation evidence; lower-bound activity record.
SHOOTING,射击 (Shooting),1,2016 Olympic shooting,EGY,Egypt,Africa,Northern Africa,noc,active,partial,https://www.issf-sports.org/competitions/1664/results,Historical official-event participation evidence; lower-bound activity record.
SHOOTING,射击 (Shooting),1,2016 Olympic shooting,ESP,Spain,Europe,Southern Europe,noc,active,partial,https://www.issf-sports.org/competitions/1664/results,Historical official-event participation evidence; lower-bound activity record.
SHOOTING,射击 (Shooting),1,2016 Olympic shooting,EST,Estonia,Europe,Northern Europe,noc,active,partial,https://www.issf-sports.org/competitions/1664/results,Historical official-event participation evidence; lower-bound activity record.
SHOOTING,射击 (Shooting),1,2016 Olympic shooting,FIN,Finland,Europe,Northern Europe,noc,active,partial,https://www.issf-sports.org/competitions/1664/results,Historical official-event participation evidence; lower-bound activity record.
SHOOTING,射击 (Shooting),1,2016 Olympic shooting,FJI,Fiji,Oceania,Melanesia,noc,active,partial,https://www.issf-sports.org/competitions/1664/results,Historical official-event participation evidence; lower-bound activity record.
SHOOTING,射击 (Shooting),1,2016 Olympic shooting,FRA,France,Europe,Western Europe,noc,active,partial,https://www.issf-sports.org/competitions/1664/results,Historical official-event participation evidence; lower-bound activity record.
SHOOTING,射击 (Shooting),1,2016 Olympic shooting,GBR,United Kingdom,Europe,Northern Europe,noc,active,partial,https://www.issf-sports.org/competitions/1664/results,Historical official-event participation evidence; lower-bound activity record.
SHOOTING,射击 (Shooting),1,2016 Olympic shooting,GEO,Georgia,Asia,Western Asia,noc,active,partial,https://www.issf-sports.org/competitions/1664/results,Historical official-event participation evidence; lower-bound activity record.
SHOOTING,射击 (Shooting),1,2016 Olympic shooting,GRC,Greece,Europe,Southern Europe,noc,active,partial,https://www.issf-sports.org/competitions/1664/results,Historical official-event participation evidence; lower-bound activity record.
SHOOTING,射击 (Shooting),1,2016 Olympic shooting,GTM,Guatemala,Americas,Central America,noc,active,partial,https://www.issf-sports.org/competitions/1664/results,Historical official-event participation evidence; lower-bound activity record.
SHOOTING,射击 (Shooting),1,2016 Olympic shooting,HRV,Croatia,Europe,Southeast Europe,noc,active,partial,https://www.issf-sports.org/competitions/1664/results,Historical official-event participation evidence; lower-bound activity record.
SHOOTING,射击 (Shooting),1,2016 Olympic shooting,HUN,Hungary,Europe,Central Europe,noc,active,partial,https://www.issf-sports.org/competitions/1664/results,Historical official-event participation evidence; lower-bound activity record.
SHOOTING,射击 (Shooting),1,2016 Olympic shooting,IND,India,Asia,Southern Asia,noc,active,partial,https://www.issf-sports.org/competitions/1664/results,Historical official-event participation evidence; lower-bound activity record.
SHOOTING,射击 (Shooting),1,2016 Olympic shooting,IOA,Independent Olympic Athletes,Europe,Eastern Europe,noc,active,partial,https://www.issf-sports.org/competitions/1664/results,Historical official-event participation evidence; lower-bound activity record.
SHOOTING,射击 (Shooting),1,2016 Olympic shooting,IRN,Iran,Asia,Southern Asia,noc,active,partial,https://www.issf-sports.org/competitions/1664/results,Historical official-event participation evidence; lower-bound activity record.
SHOOTING,射击 (Shooting),1,2016 Olympic shooting,ISR,Israel,Asia,Western Asia,noc,active,partial,https://www.issf-sports.org/competitions/1664/results,Historical official-event participation evidence; lower-bound activity record.
SHOOTING,射击 (Shooting),1,2016 Olympic shooting,ITA,Italy,Europe,Southern Europe,noc,active,partial,https://www.issf-sports.org/competitions/1664/results,Historical official-event participation evidence; lower-bound activity record.
SHOOTING,射击 (Shooting),1,2016 Olympic shooting,JPN,Japan,Asia,Eastern Asia,noc,active,partial,https://www.issf-sports.org/competitions/1664/results,Historical official-event participation evidence; lower-bound activity record.
SHOOTING,射击 (Shooting),1,2016 Olympic shooting,KAZ,Kazakhstan,Asia,Central Asia,noc,active,partial,https://www.issf-sports.org/competitions/1664/results,Historical official-event participation evidence; lower-bound activity record.
SHOOTING,射击 (Shooting),1,2016 Olympic shooting,KGZ,Kyrgyzstan,Asia,Central Asia,noc,active,partial,https://www.issf-sports.org/competitions/1664/results,Historical official-event participation evidence; lower-bound activity record.
SHOOTING,射击 (Shooting),1,2016 Olympic shooting,KOR,South Korea,Asia,Eastern Asia,noc,active,partial,https://www.issf-sports.org/competitions/1664/results,Historical official-event participation evidence; lower-bound activity record.
SHOOTING,射击 (Shooting),1,2016 Olympic shooting,KWT,Kuwait,Asia,Western Asia,noc,active,partial,https://www.issf-sports.org/competitions/1664/results,Historical official-event participation evidence; lower-bound activity record.
SHOOTING,射击 (Shooting),1,2016 Olympic shooting,LBN,Lebanon,Asia,Western Asia,noc,active,partial,https://www.issf-sports.org/competitions/1664/results,Historical official-event participation evidence; lower-bound activity record.
SHOOTING,射击 (Shooting),1,2016 Olympic shooting,LTU,Lithuania,Europe,Northern Europe,noc,active,partial,https://www.issf-sports.org/competitions/1664/results,Historical official-event participation evidence; lower-bound activity record.
SHOOTING,射击 (Shooting),1,2016 Olympic shooting,MEX,Mexico,Americas,North America,noc,active,partial,https://www.issf-sports.org/competitions/1664/results,Historical official-event participation evidence; lower-bound activity record.
SHOOTING,射击 (Shooting),1,2016 Olympic shooting,MMR,Myanmar,Asia,South-Eastern Asia,noc,active,partial,https://www.issf-sports.org/competitions/1664/results,Historical official-event participation evidence; lower-bound activity record.
SHOOTING,射击 (Shooting),1,2016 Olympic shooting,MNE,Montenegro,Europe,Southeast Europe,noc,active,partial,https://www.issf-sports.org/competitions/1664/results,Historical official-event participation evidence; lower-bound activity record.
SHOOTING,射击 (Shooting),1,2016 Olympic shooting,MNG,Mongolia,Asia,Eastern Asia,noc,active,partial,https://www.issf-sports.org/competitions/1664/results,Historical official-event participation evidence; lower-bound activity record.
SHOOTING,射击 (Shooting),1,2016 Olympic shooting,MYS,Malaysia,Asia,South-Eastern Asia,noc,active,partial,https://www.issf-sports.org/competitions/1664/results,Historical official-event participation evidence; lower-bound activity record.
SHOOTING,射击 (Shooting),1,2016 Olympic shooting,NOR,Norway,Europe,Northern Europe,noc,active,partial,https://www.issf-sports.org/competitions/1664/results,Historical official-event participation evidence; lower-bound activity record.
SHOOTING,射击 (Shooting),1,2016 Olympic shooting,NPL,Nepal,Asia,Southern Asia,noc,active,partial,https://www.issf-sports.org/competitions/1664/results,Historical official-event participation evidence; lower-bound activity record.
SHOOTING,射击 (Shooting),1,2016 Olympic shooting,NZL,New Zealand,Oceania,Australia and New Zealand,noc,active,partial,https://www.issf-sports.org/competitions/1664/results,Historical official-event participation evidence; lower-bound activity record.
SHOOTING,射击 (Shooting),1,2016 Olympic shooting,PAK,Pakistan,Asia,Southern Asia,noc,active,partial,https://www.issf-sports.org/competitions/1664/results,Historical official-event participation evidence; lower-bound activity record.
SHOOTING,射击 (Shooting),1,2016 Olympic shooting,PER,Peru,Americas,South America,noc,active,partial,https://www.issf-sports.org/competitions/1664/results,Historical official-event participation evidence; lower-bound activity record.
SHOOTING,射击 (Shooting),1,2016 Olympic shooting,PHL,Philippines,Asia,South-Eastern Asia,noc,active,partial,https://www.issf-sports.org/competitions/1664/results,Historical official-event participation evidence; lower-bound activity record.
SHOOTING,射击 (Shooting),1,2016 Olympic shooting,POL,Poland,Europe,Central Europe,noc,active,partial,https://www.issf-sports.org/competitions/1664/results,Historical official-event participation evidence; lower-bound activity record.
SHOOTING,射击 (Shooting),1,2016 Olympic shooting,PRI,Puerto Rico,Americas,Caribbean,noc,active,partial,https://www.issf-sports.org/competitions/1664/results,Historical official-event participation evidence; lower-bound activity record.
SHOOTING,射击 (Shooting),1,2016 Olympic shooting,PRT,Portugal,Europe,Southern Europe,noc,active,partial,https://www.issf-sports.org/competitions/1664/results,Historical official-event participation evidence; lower-bound activity record.
SHOOTING,射击 (Shooting),1,2016 Olympic shooting,QAT,Qatar,Asia,Western Asia,noc,active,partial,https://www.issf-sports.org/competitions/1664/results,Historical official-event participation evidence; lower-bound activity record.
SHOOTING,射击 (Shooting),1,2016 Olympic shooting,ROU,Romania,Europe,Southeast Europe,noc,active,partial,https://www.issf-sports.org/competitions/1664/results,Historical official-event participation evidence; lower-bound activity record.
SHOOTING,射击 (Shooting),1,2016 Olympic shooting,RUS,Russia,Europe,Eastern Europe,noc,active,partial,https://www.issf-sports.org/competitions/1664/results,Historical official-event participation evidence; lower-bound activity record.
SHOOTING,射击 (Shooting),1,2016 Olympic shooting,SGP,Singapore,Asia,South-Eastern Asia,noc,active,partial,https://www.issf-sports.org/competitions/1664/results,Historical official-event participation evidence; lower-bound activity record.
SHOOTING,射击 (Shooting),1,2016 Olympic shooting,SLV,El Salvador,Americas,Central America,noc,active,partial,https://www.issf-sports.org/competitions/1664/results,Historical official-event participation evidence; lower-bound activity record.
SHOOTING,射击 (Shooting),1,2016 Olympic shooting,SMR,San Marino,Europe,Southern Europe,noc,active,partial,https://www.issf-sports.org/competitions/1664/results,Historical official-event participation evidence; lower-bound activity record.
SHOOTING,射击 (Shooting),1,2016 Olympic shooting,SRB,Serbia,Europe,Southeast Europe,noc,active,partial,https://www.issf-sports.org/competitions/1664/results,Historical official-event participation evidence; lower-bound activity record.
SHOOTING,射击 (Shooting),1,2016 Olympic shooting,SVK,Slovakia,Europe,Central Europe,noc,active,partial,https://www.issf-sports.org/competitions/1664/results,Historical official-event participation evidence; lower-bound activity record.
SHOOTING,射击 (Shooting),1,2016 Olympic shooting,SVN,Slovenia,Europe,Central Europe,noc,active,partial,https://www.issf-sports.org/competitions/1664/results,Historical official-event participation evidence; lower-bound activity record.
SHOOTING,射击 (Shooting),1,2016 Olympic shooting,SWE,Sweden,Europe,Northern Europe,noc,active,partial,https://www.issf-sports.org/competitions/1664/results,Historical official-event participation evidence; lower-bound activity record.
SHOOTING,射击 (Shooting),1,2016 Olympic shooting,THA,Thailand,Asia,South-Eastern Asia,noc,active,partial,https://www.issf-sports.org/competitions/1664/results,Historical official-event participation evidence; lower-bound activity record.
SHOOTING,射击 (Shooting),1,2016 Olympic shooting,TTO,Trinidad and Tobago,Americas,Caribbean,noc,active,partial,https://www.issf-sports.org/competitions/1664/results,Historical official-event participation evidence; lower-bound activity record.
SHOOTING,射击 (Shooting),1,2016 Olympic shooting,TUN,Tunisia,Africa,Northern Africa,noc,active,partial,https://www.issf-sports.org/competitions/1664/results,Historical official-event participation evidence; lower-bound activity record.
SHOOTING,射击 (Shooting),1,2016 Olympic shooting,TUR,Türkiye,Asia,Western Asia,noc,active,partial,https://www.issf-sports.org/competitions/1664/results,Historical official-event participation evidence; lower-bound activity record.
SHOOTING,射击 (Shooting),1,2016 Olympic shooting,UKR,Ukraine,Europe,Eastern Europe,noc,active,partial,https://www.issf-sports.org/competitions/1664/results,Historical official-event participation evidence; lower-bound activity record.
SHOOTING,射击 (Shooting),1,2016 Olympic shooting,UNK,Kosovo,Europe,Southeast Europe,noc,active,partial,https://www.issf-sports.org/competitions/1664/results,Historical official-event participation evidence; lower-bound activity record.
SHOOTING,射击 (Shooting),1,2016 Olympic shooting,URY,Uruguay,Americas,South America,noc,active,partial,https://www.issf-sports.org/competitions/1664/results,Historical official-event participation evidence; lower-bound activity record.
SHOOTING,射击 (Shooting),1,2016 Olympic shooting,USA,United States,Americas,North America,noc,active,partial,https://www.issf-sports.org/competitions/1664/results,Historical official-event participation evidence; lower-bound activity record.
SHOOTING,射击 (Shooting),1,2016 Olympic shooting,VEN,Venezuela,Americas,South America,noc,active,partial,https://www.issf-sports.org/competitions/1664/results,Historical official-event participation evidence; lower-bound activity record.
SHOOTING,射击 (Shooting),1,2016 Olympic shooting,VNM,Vietnam,Asia,South-Eastern Asia,noc,active,partial,https://www.issf-sports.org/competitions/1664/results,Historical official-event participation evidence; lower-bound activity record.
SHOOTING,射击 (Shooting),1,2016 Olympic shooting,ZAF,South Africa,Africa,Southern Africa,noc,active,partial,https://www.issf-sports.org/competitions/1664/results,Historical official-event participation evidence; lower-bound activity record.
SHOOTING,射击 (Shooting),1,2016 Olympic shooting,ZWE,Zimbabwe,Africa,Eastern Africa,noc,active,partial,https://www.issf-sports.org/competitions/1664/results,Historical official-event participation evidence; lower-bound activity record.
SHOOTING,射击 (Shooting),2,2020 Olympic shooting,ABW,Aruba,Americas,Caribbean,noc,active,partial,https://www.issf-sports.org/competitions/2626/results,Historical official-event participation evidence; lower-bound activity record.
SHOOTING,射击 (Shooting),2,2020 Olympic shooting,AFG,Afghanistan,Asia,Southern Asia,noc,active,partial,https://www.issf-sports.org/competitions/2626/results,Historical official-event participation evidence; lower-bound activity record.
SHOOTING,射击 (Shooting),2,2020 Olympic shooting,ALB,Albania,Europe,Southeast Europe,noc,active,partial,https://www.issf-sports.org/competitions/2626/results,Historical official-event participation evidence; lower-bound activity record.
SHOOTING,射击 (Shooting),2,2020 Olympic shooting,ARG,Argentina,Americas,South America,noc,active,partial,https://www.issf-sports.org/competitions/2626/results,Historical official-event participation evidence; lower-bound activity record.
SHOOTING,射击 (Shooting),2,2020 Olympic shooting,ARM,Armenia,Asia,Western Asia,noc,active,partial,https://www.issf-sports.org/competitions/2626/results,Historical official-event participation evidence; lower-bound activity record.
SHOOTING,射击 (Shooting),2,2020 Olympic shooting,AUS,Australia,Oceania,Australia and New Zealand,noc,active,partial,https://www.issf-sports.org/competitions/2626/results,Historical official-event participation evidence; lower-bound activity record.
SHOOTING,射击 (Shooting),2,2020 Olympic shooting,AUT,Austria,Europe,Central Europe,noc,active,partial,https://www.issf-sports.org/competitions/2626/results,Historical official-event participation evidence; lower-bound activity record.
SHOOTING,射击 (Shooting),2,2020 Olympic shooting,AZE,Azerbaijan,Asia,Western Asia,noc,active,partial,https://www.issf-sports.org/competitions/2626/results,Historical official-event participation evidence; lower-bound activity record.
SHOOTING,射击 (Shooting),2,2020 Olympic shooting,BEL,Belgium,Europe,Western Europe,noc,active,partial,https://www.issf-sports.org/competitions/2626/results,Historical official-event participation evidence; lower-bound activity record.
SHOOTING,射击 (Shooting),2,2020 Olympic shooting,BGD,Bangladesh,Asia,Southern Asia,noc,active,partial,https://www.issf-sports.org/competitions/2626/results,Historical official-event participation evidence; lower-bound activity record.
SHOOTING,射击 (Shooting),2,2020 Olympic shooting,BGR,Bulgaria,Europe,Southeast Europe,noc,active,partial,https://www.issf-sports.org/competitions/2626/results,Historical official-event participation evidence; lower-bound activity record.
SHOOTING,射击 (Shooting),2,2020 Olympic shooting,BHR,Bahrain,Asia,Western Asia,noc,active,partial,https://www.issf-sports.org/competitions/2626/results,Historical official-event participation evidence; lower-bound activity record.
SHOOTING,射击 (Shooting),2,2020 Olympic shooting,BIH,Bosnia and Herzegovina,Europe,Southeast Europe,noc,active,partial,https://www.issf-sports.org/competitions/2626/results,Historical official-event participation evidence; lower-bound activity record.
SHOOTING,射击 (Shooting),2,2020 Olympic shooting,BLR,Belarus,Europe,Eastern Europe,noc,active,partial,https://www.issf-sports.org/competitions/2626/results,Historical official-event participation evidence; lower-bound activity record.
SHOOTING,射击 (Shooting),2,2020 Olympic shooting,BRA,Brazil,Americas,South America,noc,active,partial,https://www.issf-sports.org/competitions/2626/results,Historical official-event participation evidence; lower-bound activity record.
SHOOTING,射击 (Shooting),2,2020 Olympic shooting,BTN,Bhutan,Asia,Southern Asia,noc,active,partial,https://www.issf-sports.org/competitions/2626/results,Historical official-event participation evidence; lower-bound activity record.
SHOOTING,射击 (Shooting),2,2020 Olympic shooting,CAN,Canada,Americas,North America,noc,active,partial,https://www.issf-sports.org/competitions/2626/results,Historical official-event participation evidence; lower-bound activity record.
SHOOTING,射击 (Shooting),2,2020 Olympic shooting,CHE,Switzerland,Europe,Western Europe,noc,active,partial,https://www.issf-sports.org/competitions/2626/results,Historical official-event participation evidence; lower-bound activity record.
SHOOTING,射击 (Shooting),2,2020 Olympic shooting,CHL,Chile,Americas,South America,noc,active,partial,https://www.issf-sports.org/competitions/2626/results,Historical official-event participation evidence; lower-bound activity record.
SHOOTING,射击 (Shooting),2,2020 Olympic shooting,CHN,China,Asia,Eastern Asia,noc,active,partial,https://www.issf-sports.org/competitions/2626/results,Historical official-event participation evidence; lower-bound activity record.
SHOOTING,射击 (Shooting),2,2020 Olympic shooting,COL,Colombia,Americas,South America,noc,active,partial,https://www.issf-sports.org/competitions/2626/results,Historical official-event participation evidence; lower-bound activity record.
SHOOTING,射击 (Shooting),2,2020 Olympic shooting,CUB,Cuba,Americas,Caribbean,noc,active,partial,https://www.issf-sports.org/competitions/2626/results,Historical official-event participation evidence; lower-bound activity record.
SHOOTING,射击 (Shooting),2,2020 Olympic shooting,CYP,Cyprus,Europe,Southern Europe,noc,active,partial,https://www.issf-sports.org/competitions/2626/results,Historical official-event participation evidence; lower-bound activity record.
SHOOTING,射击 (Shooting),2,2020 Olympic shooting,CZE,Czechia,Europe,Central Europe,noc,active,partial,https://www.issf-sports.org/competitions/2626/results,Historical official-event participation evidence; lower-bound activity record.
SHOOTING,射击 (Shooting),2,2020 Olympic shooting,DEU,Germany,Europe,Western Europe,noc,active,partial,https://www.issf-sports.org/competitions/2626/results,Historical official-event participation evidence; lower-bound activity record.
SHOOTING,射击 (Shooting),2,2020 Olympic shooting,DNK,Denmark,Europe,Northern Europe,noc,active,partial,https://www.issf-sports.org/competitions/2626/results,Historical official-event participation evidence; lower-bound activity record.
SHOOTING,射击 (Shooting),2,2020 Olympic shooting,DZA,Algeria,Africa,Northern Africa,noc,active,partial,https://www.issf-sports.org/competitions/2626/results,Historical official-event participation evidence; lower-bound activity record.
SHOOTING,射击 (Shooting),2,2020 Olympic shooting,ECU,Ecuador,Americas,South America,noc,active,partial,https://www.issf-sports.org/competitions/2626/results,Historical official-event participation evidence; lower-bound activity record.
SHOOTING,射击 (Shooting),2,2020 Olympic shooting,EGY,Egypt,Africa,Northern Africa,noc,active,partial,https://www.issf-sports.org/competitions/2626/results,Historical official-event participation evidence; lower-bound activity record.
SHOOTING,射击 (Shooting),2,2020 Olympic shooting,ESP,Spain,Europe,Southern Europe,noc,active,partial,https://www.issf-sports.org/competitions/2626/results,Historical official-event participation evidence; lower-bound activity record.
SHOOTING,射击 (Shooting),2,2020 Olympic shooting,EST,Estonia,Europe,Northern Europe,noc,active,partial,https://www.issf-sports.org/competitions/2626/results,Historical official-event participation evidence; lower-bound activity record.
SHOOTING,射击 (Shooting),2,2020 Olympic shooting,FIN,Finland,Europe,Northern Europe,noc,active,partial,https://www.issf-sports.org/competitions/2626/results,Historical official-event participation evidence; lower-bound activity record.
SHOOTING,射击 (Shooting),2,2020 Olympic shooting,FRA,France,Europe,Western Europe,noc,active,partial,https://www.issf-sports.org/competitions/2626/results,Historical official-event participation evidence; lower-bound activity record.
SHOOTING,射击 (Shooting),2,2020 Olympic shooting,GBR,United Kingdom,Europe,Northern Europe,noc,active,partial,https://www.issf-sports.org/competitions/2626/results,Historical official-event participation evidence; lower-bound activity record.
SHOOTING,射击 (Shooting),2,2020 Olympic shooting,GEO,Georgia,Asia,Western Asia,noc,active,partial,https://www.issf-sports.org/competitions/2626/results,Historical official-event participation evidence; lower-bound activity record.
SHOOTING,射击 (Shooting),2,2020 Olympic shooting,GRC,Greece,Europe,Southern Europe,noc,active,partial,https://www.issf-sports.org/competitions/2626/results,Historical official-event participation evidence; lower-bound activity record.
SHOOTING,射击 (Shooting),2,2020 Olympic shooting,GTM,Guatemala,Americas,Central America,noc,active,partial,https://www.issf-sports.org/competitions/2626/results,Historical official-event participation evidence; lower-bound activity record.
SHOOTING,射击 (Shooting),2,2020 Olympic shooting,HRV,Croatia,Europe,Southeast Europe,noc,active,partial,https://www.issf-sports.org/competitions/2626/results,Historical official-event participation evidence; lower-bound activity record.
SHOOTING,射击 (Shooting),2,2020 Olympic shooting,HUN,Hungary,Europe,Central Europe,noc,active,partial,https://www.issf-sports.org/competitions/2626/results,Historical official-event participation evidence; lower-bound activity record.
SHOOTING,射击 (Shooting),2,2020 Olympic shooting,IDN,Indonesia,Asia,South-Eastern Asia,noc,active,partial,https://www.issf-sports.org/competitions/2626/results,Historical official-event participation evidence; lower-bound activity record.
SHOOTING,射击 (Shooting),2,2020 Olympic shooting,IND,India,Asia,Southern Asia,noc,active,partial,https://www.issf-sports.org/competitions/2626/results,Historical official-event participation evidence; lower-bound activity record.
SHOOTING,射击 (Shooting),2,2020 Olympic shooting,IRL,Ireland,Europe,Northern Europe,noc,active,partial,https://www.issf-sports.org/competitions/2626/results,Historical official-event participation evidence; lower-bound activity record.
SHOOTING,射击 (Shooting),2,2020 Olympic shooting,IRN,Iran,Asia,Southern Asia,noc,active,partial,https://www.issf-sports.org/competitions/2626/results,Historical official-event participation evidence; lower-bound activity record.
SHOOTING,射击 (Shooting),2,2020 Olympic shooting,IRQ,Iraq,Asia,Western Asia,noc,active,partial,https://www.issf-sports.org/competitions/2626/results,Historical official-event participation evidence; lower-bound activity record.
SHOOTING,射击 (Shooting),2,2020 Olympic shooting,ISL,Iceland,Europe,Northern Europe,noc,active,partial,https://www.issf-sports.org/competitions/2626/results,Historical official-event participation evidence; lower-bound activity record.
SHOOTING,射击 (Shooting),2,2020 Olympic shooting,ISR,Israel,Asia,Western Asia,noc,active,partial,https://www.issf-sports.org/competitions/2626/results,Historical official-event participation evidence; lower-bound activity record.
SHOOTING,射击 (Shooting),2,2020 Olympic shooting,ITA,Italy,Europe,Southern Europe,noc,active,partial,https://www.issf-sports.org/competitions/2626/results,Historical official-event participation evidence; lower-bound activity record.
SHOOTING,射击 (Shooting),2,2020 Olympic shooting,JOR,Jordan,Asia,Western Asia,noc,active,partial,https://www.issf-sports.org/competitions/2626/results,Historical official-event participation evidence; lower-bound activity record.
SHOOTING,射击 (Shooting),2,2020 Olympic shooting,JPN,Japan,Asia,Eastern Asia,noc,active,partial,https://www.issf-sports.org/competitions/2626/results,Historical official-event participation evidence; lower-bound activity record.
SHOOTING,射击 (Shooting),2,2020 Olympic shooting,KAZ,Kazakhstan,Asia,Central Asia,noc,active,partial,https://www.issf-sports.org/competitions/2626/results,Historical official-event participation evidence; lower-bound activity record.
SHOOTING,射击 (Shooting),2,2020 Olympic shooting,KGZ,Kyrgyzstan,Asia,Central Asia,noc,active,partial,https://www.issf-sports.org/competitions/2626/results,Historical official-event participation evidence; lower-bound activity record.
SHOOTING,射击 (Shooting),2,2020 Olympic shooting,KOR,South Korea,Asia,Eastern Asia,noc,active,partial,https://www.issf-sports.org/competitions/2626/results,Historical official-event participation evidence; lower-bound activity record.
SHOOTING,射击 (Shooting),2,2020 Olympic shooting,KWT,Kuwait,Asia,Western Asia,noc,active,partial,https://www.issf-sports.org/competitions/2626/results,Historical official-event participation evidence; lower-bound activity record.
SHOOTING,射击 (Shooting),2,2020 Olympic shooting,LBN,Lebanon,Asia,Western Asia,noc,active,partial,https://www.issf-sports.org/competitions/2626/results,Historical official-event participation evidence; lower-bound activity record.
SHOOTING,射击 (Shooting),2,2020 Olympic shooting,LTU,Lithuania,Europe,Northern Europe,noc,active,partial,https://www.issf-sports.org/competitions/2626/results,Historical official-event participation evidence; lower-bound activity record.
SHOOTING,射击 (Shooting),2,2020 Olympic shooting,LVA,Latvia,Europe,Northern Europe,noc,active,partial,https://www.issf-sports.org/competitions/2626/results,Historical official-event participation evidence; lower-bound activity record.
SHOOTING,射击 (Shooting),2,2020 Olympic shooting,MAR,Morocco,Africa,Northern Africa,noc,active,partial,https://www.issf-sports.org/competitions/2626/results,Historical official-event participation evidence; lower-bound activity record.
SHOOTING,射击 (Shooting),2,2020 Olympic shooting,MDA,Moldova,Europe,Eastern Europe,noc,active,partial,https://www.issf-sports.org/competitions/2626/results,Historical official-event participation evidence; lower-bound activity record.
SHOOTING,射击 (Shooting),2,2020 Olympic shooting,MEX,Mexico,Americas,North America,noc,active,partial,https://www.issf-sports.org/competitions/2626/results,Historical official-event participation evidence; lower-bound activity record.
SHOOTING,射击 (Shooting),2,2020 Olympic shooting,MKD,North Macedonia,Europe,Southeast Europe,noc,active,partial,https://www.issf-sports.org/competitions/2626/results,Historical official-event participation evidence; lower-bound activity record.
SHOOTING,射击 (Shooting),2,2020 Olympic shooting,MLT,Malta,Europe,Southern Europe,noc,active,partial,https://www.issf-sports.org/competitions/2626/results,Historical official-event participation evidence; lower-bound activity record.
SHOOTING,射击 (Shooting),2,2020 Olympic shooting,MMR,Myanmar,Asia,South-Eastern Asia,noc,active,partial,https://www.issf-sports.org/competitions/2626/results,Historical official-event participation evidence; lower-bound activity record.
SHOOTING,射击 (Shooting),2,2020 Olympic shooting,MNE,Montenegro,Europe,Southeast Europe,noc,active,partial,https://www.issf-sports.org/competitions/2626/results,Historical official-event participation evidence; lower-bound activity record.
SHOOTING,射击 (Shooting),2,2020 Olympic shooting,MNG,Mongolia,Asia,Eastern Asia,noc,active,partial,https://www.issf-sports.org/competitions/2626/results,Historical official-event participation evidence; lower-bound activity record.
SHOOTING,射击 (Shooting),2,2020 Olympic shooting,MYS,Malaysia,Asia,South-Eastern Asia,noc,active,partial,https://www.issf-sports.org/competitions/2626/results,Historical official-event participation evidence; lower-bound activity record.
SHOOTING,射击 (Shooting),2,2020 Olympic shooting,NIC,Nicaragua,Americas,Central America,noc,active,partial,https://www.issf-sports.org/competitions/2626/results,Historical official-event participation evidence; lower-bound activity record.
SHOOTING,射击 (Shooting),2,2020 Olympic shooting,NOR,Norway,Europe,Northern Europe,noc,active,partial,https://www.issf-sports.org/competitions/2626/results,Historical official-event participation evidence; lower-bound activity record.
SHOOTING,射击 (Shooting),2,2020 Olympic shooting,NPL,Nepal,Asia,Southern Asia,noc,active,partial,https://www.issf-sports.org/competitions/2626/results,Historical official-event participation evidence; lower-bound activity record.
SHOOTING,射击 (Shooting),2,2020 Olympic shooting,NZL,New Zealand,Oceania,Australia and New Zealand,noc,active,partial,https://www.issf-sports.org/competitions/2626/results,Historical official-event participation evidence; lower-bound activity record.
SHOOTING,射击 (Shooting),2,2020 Olympic shooting,OMN,Oman,Asia,Western Asia,noc,active,partial,https://www.issf-sports.org/competitions/2626/results,Historical official-event participation evidence; lower-bound activity record.
SHOOTING,射击 (Shooting),2,2020 Olympic shooting,PAK,Pakistan,Asia,Southern Asia,noc,active,partial,https://www.issf-sports.org/competitions/2626/results,Historical official-event participation evidence; lower-bound activity record.
SHOOTING,射击 (Shooting),2,2020 Olympic shooting,PER,Peru,Americas,South America,noc,active,partial,https://www.issf-sports.org/competitions/2626/results,Historical official-event participation evidence; lower-bound activity record.
SHOOTING,射击 (Shooting),2,2020 Olympic shooting,PHL,Philippines,Asia,South-Eastern Asia,noc,active,partial,https://www.issf-sports.org/competitions/2626/results,Historical official-event participation evidence; lower-bound activity record.
SHOOTING,射击 (Shooting),2,2020 Olympic shooting,POL,Poland,Europe,Central Europe,noc,active,partial,https://www.issf-sports.org/competitions/2626/results,Historical official-event participation evidence; lower-bound activity record.
SHOOTING,射击 (Shooting),2,2020 Olympic shooting,PRI,Puerto Rico,Americas,Caribbean,noc,active,partial,https://www.issf-sports.org/competitions/2626/results,Historical official-event participation evidence; lower-bound activity record.
SHOOTING,射击 (Shooting),2,2020 Olympic shooting,PRT,Portugal,Europe,Southern Europe,noc,active,partial,https://www.issf-sports.org/competitions/2626/results,Historical official-event participation evidence; lower-bound activity record.
SHOOTING,射击 (Shooting),2,2020 Olympic shooting,QAT,Qatar,Asia,Western Asia,noc,active,partial,https://www.issf-sports.org/competitions/2626/results,Historical official-event participation evidence; lower-bound activity record.
SHOOTING,射击 (Shooting),2,2020 Olympic shooting,RUS,Russia,Europe,Eastern Europe,noc,active,partial,https://www.issf-sports.org/competitions/2626/results,Historical official-event participation evidence; lower-bound activity record.
SHOOTING,射击 (Shooting),2,2020 Olympic shooting,SAU,Saudi Arabia,Asia,Western Asia,noc,active,partial,https://www.issf-sports.org/competitions/2626/results,Historical official-event participation evidence; lower-bound activity record.
SHOOTING,射击 (Shooting),2,2020 Olympic shooting,SRB,Serbia,Europe,Southeast Europe,noc,active,partial,https://www.issf-sports.org/competitions/2626/results,Historical official-event participation evidence; lower-bound activity record.
SHOOTING,射击 (Shooting),2,2020 Olympic shooting,SVK,Slovakia,Europe,Central Europe,noc,active,partial,https://www.issf-sports.org/competitions/2626/results,Historical official-event participation evidence; lower-bound activity record.
SHOOTING,射击 (Shooting),2,2020 Olympic shooting,SWE,Sweden,Europe,Northern Europe,noc,active,partial,https://www.issf-sports.org/competitions/2626/results,Historical official-event participation evidence; lower-bound activity record.
SHOOTING,射击 (Shooting),2,2020 Olympic shooting,THA,Thailand,Asia,South-Eastern Asia,noc,active,partial,https://www.issf-sports.org/competitions/2626/results,Historical official-event participation evidence; lower-bound activity record.
SHOOTING,射击 (Shooting),2,2020 Olympic shooting,TUN,Tunisia,Africa,Northern Africa,noc,active,partial,https://www.issf-sports.org/competitions/2626/results,Historical official-event participation evidence; lower-bound activity record.
SHOOTING,射击 (Shooting),2,2020 Olympic shooting,TUR,Türkiye,Asia,Western Asia,noc,active,partial,https://www.issf-sports.org/competitions/2626/results,Historical official-event participation evidence; lower-bound activity record.
SHOOTING,射击 (Shooting),2,2020 Olympic shooting,TWN,Taiwan,Asia,Eastern Asia,noc,active,partial,https://www.issf-sports.org/competitions/2626/results,Historical official-event participation evidence; lower-bound activity record.
SHOOTING,射击 (Shooting),2,2020 Olympic shooting,UKR,Ukraine,Europe,Eastern Europe,noc,active,partial,https://www.issf-sports.org/competitions/2626/results,Historical official-event participation evidence; lower-bound activity record.
SHOOTING,射击 (Shooting),2,2020 Olympic shooting,UNK,Kosovo,Europe,Southeast Europe,noc,active,partial,https://www.issf-sports.org/competitions/2626/results,Historical official-event participation evidence; lower-bound activity record.
SHOOTING,射击 (Shooting),2,2020 Olympic shooting,USA,United States,Americas,North America,noc,active,partial,https://www.issf-sports.org/competitions/2626/results,Historical official-event participation evidence; lower-bound activity record.
SHOOTING,射击 (Shooting),2,2020 Olympic shooting,VNM,Vietnam,Asia,South-Eastern Asia,noc,active,partial,https://www.issf-sports.org/competitions/2626/results,Historical official-event participation evidence; lower-bound activity record.
SHOOTING,射击 (Shooting),3,2024-2025 ISSF membership/practice proxy,ABW,Aruba,Americas,Caribbean,if_member,active,partial,https://www.issf-sports.org/,"Current IF membership/association proxy for practising; partial coverage, not a claim of complete player registrations."
SHOOTING,射击 (Shooting),3,2024-2025 ISSF membership/practice proxy,AFG,Afghanistan,Asia,Southern Asia,if_member,active,partial,https://www.issf-sports.org/,"Current IF membership/association proxy for practising; partial coverage, not a claim of complete player registrations."
SHOOTING,射击 (Shooting),3,2024-2025 ISSF membership/practice proxy,AGO,Angola,Africa,Middle Africa,if_member,active,partial,https://www.issf-sports.org/,"Current IF membership/association proxy for practising; partial coverage, not a claim of complete player registrations."
SHOOTING,射击 (Shooting),3,2024-2025 ISSF membership/practice proxy,ALB,Albania,Europe,Southeast Europe,if_member,active,partial,https://www.issf-sports.org/,"Current IF membership/association proxy for practising; partial coverage, not a claim of complete player registrations."
SHOOTING,射击 (Shooting),3,2024-2025 ISSF membership/practice proxy,AND,Andorra,Europe,Southern Europe,if_member,active,partial,https://www.issf-sports.org/,"Current IF membership/association proxy for practising; partial coverage, not a claim of complete player registrations."
SHOOTING,射击 (Shooting),3,2024-2025 ISSF membership/practice proxy,ARE,United Arab Emirates,Asia,Western Asia,if_member,active,partial,https://www.issf-sports.org/,"Current IF membership/association proxy for practising; partial coverage, not a claim of complete player registrations."
SHOOTING,射击 (Shooting),3,2024-2025 ISSF membership/practice proxy,ARG,Argentina,Americas,South America,if_member,active,partial,https://www.issf-sports.org/,"Current IF membership/association proxy for practising; partial coverage, not a claim of complete player registrations."
SHOOTING,射击 (Shooting),3,2024-2025 ISSF membership/practice proxy,ARM,Armenia,Asia,Western Asia,if_member,active,partial,https://www.issf-sports.org/,"Current IF membership/association proxy for practising; partial coverage, not a claim of complete player registrations."
SHOOTING,射击 (Shooting),3,2024-2025 ISSF membership/practice proxy,ATG,Antigua and Barbuda,Americas,Caribbean,if_member,active,partial,https://www.issf-sports.org/,"Current IF membership/association proxy for practising; partial coverage, not a claim of complete player registrations."
SHOOTING,射击 (Shooting),3,2024-2025 ISSF membership/practice proxy,AUS,Australia,Oceania,Australia and New Zealand,if_member,active,partial,https://www.issf-sports.org/,"Current IF membership/association proxy for practising; partial coverage, not a claim of complete player registrations."
SHOOTING,射击 (Shooting),3,2024-2025 ISSF membership/practice proxy,AUT,Austria,Europe,Central Europe,if_member,active,partial,https://www.issf-sports.org/,"Current IF membership/association proxy for practising; partial coverage, not a claim of complete player registrations."
SHOOTING,射击 (Shooting),3,2024-2025 ISSF membership/practice proxy,AZE,Azerbaijan,Asia,Western Asia,if_member,active,partial,https://www.issf-sports.org/,"Current IF membership/association proxy for practising; partial coverage, not a claim of complete player registrations."
SHOOTING,射击 (Shooting),3,2024-2025 ISSF membership/practice proxy,BEL,Belgium,Europe,Western Europe,if_member,active,partial,https://www.issf-sports.org/,"Current IF membership/association proxy for practising; partial coverage, not a claim of complete player registrations."
SHOOTING,射击 (Shooting),3,2024-2025 ISSF membership/practice proxy,BGD,Bangladesh,Asia,Southern Asia,if_member,active,partial,https://www.issf-sports.org/,"Current IF membership/association proxy for practising; partial coverage, not a claim of complete player registrations."
SHOOTING,射击 (Shooting),3,2024-2025 ISSF membership/practice proxy,BGR,Bulgaria,Europe,Southeast Europe,if_member,active,partial,https://www.issf-sports.org/,"Current IF membership/association proxy for practising; partial coverage, not a claim of complete player registrations."
SHOOTING,射击 (Shooting),3,2024-2025 ISSF membership/practice proxy,BHR,Bahrain,Asia,Western Asia,if_member,active,partial,https://www.issf-sports.org/,"Current IF membership/association proxy for practising; partial coverage, not a claim of complete player registrations."
SHOOTING,射击 (Shooting),3,2024-2025 ISSF membership/practice proxy,BIH,Bosnia and Herzegovina,Europe,Southeast Europe,if_member,active,partial,https://www.issf-sports.org/,"Current IF membership/association proxy for practising; partial coverage, not a claim of complete player registrations."
SHOOTING,射击 (Shooting),3,2024-2025 ISSF membership/practice proxy,BLR,Belarus,Europe,Eastern Europe,if_member,active,partial,https://www.issf-sports.org/,"Current IF membership/association proxy for practising; partial coverage, not a claim of complete player registrations."
SHOOTING,射击 (Shooting),3,2024-2025 ISSF membership/practice proxy,BLZ,Belize,Americas,Central America,if_member,active,partial,https://www.issf-sports.org/,"Current IF membership/association proxy for practising; partial coverage, not a claim of complete player registrations."
SHOOTING,射击 (Shooting),3,2024-2025 ISSF membership/practice proxy,BMU,Bermuda,Americas,North America,if_member,active,partial,https://www.issf-sports.org/,"Current IF membership/association proxy for practising; partial coverage, not a claim of complete player registrations."
SHOOTING,射击 (Shooting),3,2024-2025 ISSF membership/practice proxy,BOL,Bolivia,Americas,South America,if_member,active,partial,https://www.issf-sports.org/,"Current IF membership/association proxy for practising; partial coverage, not a claim of complete player registrations."
SHOOTING,射击 (Shooting),3,2024-2025 ISSF membership/practice proxy,BRA,Brazil,Americas,South America,if_member,active,partial,https://www.issf-sports.org/,"Current IF membership/association proxy for practising; partial coverage, not a claim of complete player registrations."
SHOOTING,射击 (Shooting),3,2024-2025 ISSF membership/practice proxy,BRB,Barbados,Americas,Caribbean,if_member,active,partial,https://www.issf-sports.org/,"Current IF membership/association proxy for practising; partial coverage, not a claim of complete player registrations."
SHOOTING,射击 (Shooting),3,2024-2025 ISSF membership/practice proxy,BTN,Bhutan,Asia,Southern Asia,if_member,active,partial,https://www.issf-sports.org/,"Current IF membership/association proxy for practising; partial coverage, not a claim of complete player registrations."
SHOOTING,射击 (Shooting),3,2024-2025 ISSF membership/practice proxy,CAN,Canada,Americas,North America,if_member,active,partial,https://www.issf-sports.org/,"Current IF membership/association proxy for practising; partial coverage, not a claim of complete player registrations."
SHOOTING,射击 (Shooting),3,2024-2025 ISSF membership/practice proxy,CHE,Switzerland,Europe,Western Europe,if_member,active,partial,https://www.issf-sports.org/,"Current IF membership/association proxy for practising; partial coverage, not a claim of complete player registrations."
SHOOTING,射击 (Shooting),3,2024-2025 ISSF membership/practice proxy,CHL,Chile,Americas,South America,if_member,active,partial,https://www.issf-sports.org/,"Current IF membership/association proxy for practising; partial coverage, not a claim of complete player registrations."
SHOOTING,射击 (Shooting),3,2024-2025 ISSF membership/practice proxy,CHN,China,Asia,Eastern Asia,if_member,active,partial,https://www.issf-sports.org/,"Current IF membership/association proxy for practising; partial coverage, not a claim of complete player registrations."
SHOOTING,射击 (Shooting),3,2024-2025 ISSF membership/practice proxy,CMR,Cameroon,Africa,Middle Africa,if_member,active,partial,https://www.issf-sports.org/,"Current IF membership/association proxy for practising; partial coverage, not a claim of complete player registrations."
SHOOTING,射击 (Shooting),3,2024-2025 ISSF membership/practice proxy,COL,Colombia,Americas,South America,if_member,active,partial,https://www.issf-sports.org/,"Current IF membership/association proxy for practising; partial coverage, not a claim of complete player registrations."
SHOOTING,射击 (Shooting),3,2024-2025 ISSF membership/practice proxy,CRI,Costa Rica,Americas,Central America,if_member,active,partial,https://www.issf-sports.org/,"Current IF membership/association proxy for practising; partial coverage, not a claim of complete player registrations."
SHOOTING,射击 (Shooting),3,2024-2025 ISSF membership/practice proxy,CUB,Cuba,Americas,Caribbean,if_member,active,partial,https://www.issf-sports.org/,"Current IF membership/association proxy for practising; partial coverage, not a claim of complete player registrations."
SHOOTING,射击 (Shooting),3,2024-2025 ISSF membership/practice proxy,CYM,Cayman Islands,Americas,Caribbean,if_member,active,partial,https://www.issf-sports.org/,"Current IF membership/association proxy for practising; partial coverage, not a claim of complete player registrations."
SHOOTING,射击 (Shooting),3,2024-2025 ISSF membership/practice proxy,CYP,Cyprus,Europe,Southern Europe,if_member,active,partial,https://www.issf-sports.org/,"Current IF membership/association proxy for practising; partial coverage, not a claim of complete player registrations."
SHOOTING,射击 (Shooting),3,2024-2025 ISSF membership/practice proxy,CZE,Czechia,Europe,Central Europe,if_member,active,partial,https://www.issf-sports.org/,"Current IF membership/association proxy for practising; partial coverage, not a claim of complete player registrations."
SHOOTING,射击 (Shooting),3,2024-2025 ISSF membership/practice proxy,DEU,Germany,Europe,Western Europe,if_member,active,partial,https://www.issf-sports.org/,"Current IF membership/association proxy for practising; partial coverage, not a claim of complete player registrations."
SHOOTING,射击 (Shooting),3,2024-2025 ISSF membership/practice proxy,DNK,Denmark,Europe,Northern Europe,if_member,active,partial,https://www.issf-sports.org/,"Current IF membership/association proxy for practising; partial coverage, not a claim of complete player registrations."
SHOOTING,射击 (Shooting),3,2024-2025 ISSF membership/practice proxy,DOM,Dominican Republic,Americas,Caribbean,if_member,active,partial,https://www.issf-sports.org/,"Current IF membership/association proxy for practising; partial coverage, not a claim of complete player registrations."
SHOOTING,射击 (Shooting),3,2024-2025 ISSF membership/practice proxy,DZA,Algeria,Africa,Northern Africa,if_member,active,partial,https://www.issf-sports.org/,"Current IF membership/association proxy for practising; partial coverage, not a claim of complete player registrations."
SHOOTING,射击 (Shooting),3,2024-2025 ISSF membership/practice proxy,ECU,Ecuador,Americas,South America,if_member,active,partial,https://www.issf-sports.org/,"Current IF membership/association proxy for practising; partial coverage, not a claim of complete player registrations."
SHOOTING,射击 (Shooting),3,2024-2025 ISSF membership/practice proxy,EGY,Egypt,Africa,Northern Africa,if_member,active,partial,https://www.issf-sports.org/,"Current IF membership/association proxy for practising; partial coverage, not a claim of complete player registrations."
SHOOTING,射击 (Shooting),3,2024-2025 ISSF membership/practice proxy,ESP,Spain,Europe,Southern Europe,if_member,active,partial,https://www.issf-sports.org/,"Current IF membership/association proxy for practising; partial coverage, not a claim of complete player registrations."
SHOOTING,射击 (Shooting),3,2024-2025 ISSF membership/practice proxy,EST,Estonia,Europe,Northern Europe,if_member,active,partial,https://www.issf-sports.org/,"Current IF membership/association proxy for practising; partial coverage, not a claim of complete player registrations."
SHOOTING,射击 (Shooting),3,2024-2025 ISSF membership/practice proxy,FIN,Finland,Europe,Northern Europe,if_member,active,partial,https://www.issf-sports.org/,"Current IF membership/association proxy for practising; partial coverage, not a claim of complete player registrations."
SHOOTING,射击 (Shooting),3,2024-2025 ISSF membership/practice proxy,FJI,Fiji,Oceania,Melanesia,if_member,active,partial,https://www.issf-sports.org/,"Current IF membership/association proxy for practising; partial coverage, not a claim of complete player registrations."
SHOOTING,射击 (Shooting),3,2024-2025 ISSF membership/practice proxy,FRA,France,Europe,Western Europe,if_member,active,partial,https://www.issf-sports.org/,"Current IF membership/association proxy for practising; partial coverage, not a claim of complete player registrations."
SHOOTING,射击 (Shooting),3,2024-2025 ISSF membership/practice proxy,GBR,United Kingdom,Europe,Northern Europe,if_member,active,partial,https://www.issf-sports.org/,"Current IF membership/association proxy for practising; partial coverage, not a claim of complete player registrations."
SHOOTING,射击 (Shooting),3,2024-2025 ISSF membership/practice proxy,GEO,Georgia,Asia,Western Asia,if_member,active,partial,https://www.issf-sports.org/,"Current IF membership/association proxy for practising; partial coverage, not a claim of complete player registrations."
SHOOTING,射击 (Shooting),3,2024-2025 ISSF membership/practice proxy,GRC,Greece,Europe,Southern Europe,if_member,active,partial,https://www.issf-sports.org/,"Current IF membership/association proxy for practising; partial coverage, not a claim of complete player registrations."
SHOOTING,射击 (Shooting),3,2024-2025 ISSF membership/practice proxy,GTM,Guatemala,Americas,Central America,if_member,active,partial,https://www.issf-sports.org/,"Current IF membership/association proxy for practising; partial coverage, not a claim of complete player registrations."
SHOOTING,射击 (Shooting),3,2024-2025 ISSF membership/practice proxy,GUM,Guam,Oceania,Micronesia,if_member,active,partial,https://www.issf-sports.org/,"Current IF membership/association proxy for practising; partial coverage, not a claim of complete player registrations."
SHOOTING,射击 (Shooting),3,2024-2025 ISSF membership/practice proxy,GUY,Guyana,Americas,South America,if_member,active,partial,https://www.issf-sports.org/,"Current IF membership/association proxy for practising; partial coverage, not a claim of complete player registrations."
SHOOTING,射击 (Shooting),3,2024-2025 ISSF membership/practice proxy,HKG,Hong Kong,Asia,Eastern Asia,if_member,active,partial,https://www.issf-sports.org/,"Current IF membership/association proxy for practising; partial coverage, not a claim of complete player registrations."
SHOOTING,射击 (Shooting),3,2024-2025 ISSF membership/practice proxy,HND,Honduras,Americas,Central America,if_member,active,partial,https://www.issf-sports.org/,"Current IF membership/association proxy for practising; partial coverage, not a claim of complete player registrations."
SHOOTING,射击 (Shooting),3,2024-2025 ISSF membership/practice proxy,HRV,Croatia,Europe,Southeast Europe,if_member,active,partial,https://www.issf-sports.org/,"Current IF membership/association proxy for practising; partial coverage, not a claim of complete player registrations."
SHOOTING,射击 (Shooting),3,2024-2025 ISSF membership/practice proxy,HUN,Hungary,Europe,Central Europe,if_member,active,partial,https://www.issf-sports.org/,"Current IF membership/association proxy for practising; partial coverage, not a claim of complete player registrations."
SHOOTING,射击 (Shooting),3,2024-2025 ISSF membership/practice proxy,IDN,Indonesia,Asia,South-Eastern Asia,if_member,active,partial,https://www.issf-sports.org/,"Current IF membership/association proxy for practising; partial coverage, not a claim of complete player registrations."
SHOOTING,射击 (Shooting),3,2024-2025 ISSF membership/practice proxy,IND,India,Asia,Southern Asia,if_member,active,partial,https://www.issf-sports.org/,"Current IF membership/association proxy for practising; partial coverage, not a claim of complete player registrations."
SHOOTING,射击 (Shooting),3,2024-2025 ISSF membership/practice proxy,IRL,Ireland,Europe,Northern Europe,if_member,active,partial,https://www.issf-sports.org/,"Current IF membership/association proxy for practising; partial coverage, not a claim of complete player registrations."
SHOOTING,射击 (Shooting),3,2024-2025 ISSF membership/practice proxy,IRN,Iran,Asia,Southern Asia,if_member,active,partial,https://www.issf-sports.org/,"Current IF membership/association proxy for practising; partial coverage, not a claim of complete player registrations."
SHOOTING,射击 (Shooting),3,2024-2025 ISSF membership/practice proxy,IRQ,Iraq,Asia,Western Asia,if_member,active,partial,https://www.issf-sports.org/,"Current IF membership/association proxy for practising; partial coverage, not a claim of complete player registrations."
SHOOTING,射击 (Shooting),3,2024-2025 ISSF membership/practice proxy,ISL,Iceland,Europe,Northern Europe,if_member,active,partial,https://www.issf-sports.org/,"Current IF membership/association proxy for practising; partial coverage, not a claim of complete player registrations."
SHOOTING,射击 (Shooting),3,2024-2025 ISSF membership/practice proxy,ISR,Israel,Asia,Western Asia,if_member,active,partial,https://www.issf-sports.org/,"Current IF membership/association proxy for practising; partial coverage, not a claim of complete player registrations."
SHOOTING,射击 (Shooting),3,2024-2025 ISSF membership/practice proxy,ITA,Italy,Europe,Southern Europe,if_member,active,partial,https://www.issf-sports.org/,"Current IF membership/association proxy for practising; partial coverage, not a claim of complete player registrations."
SHOOTING,射击 (Shooting),3,2024-2025 ISSF membership/practice proxy,JAM,Jamaica,Americas,Caribbean,if_member,active,partial,https://www.issf-sports.org/,"Current IF membership/association proxy for practising; partial coverage, not a claim of complete player registrations."
SHOOTING,射击 (Shooting),3,2024-2025 ISSF membership/practice proxy,JOR,Jordan,Asia,Western Asia,if_member,active,partial,https://www.issf-sports.org/,"Current IF membership/association proxy for practising; partial coverage, not a claim of complete player registrations."
SHOOTING,射击 (Shooting),3,2024-2025 ISSF membership/practice proxy,JPN,Japan,Asia,Eastern Asia,if_member,active,partial,https://www.issf-sports.org/,"Current IF membership/association proxy for practising; partial coverage, not a claim of complete player registrations."
SHOOTING,射击 (Shooting),3,2024-2025 ISSF membership/practice proxy,KAZ,Kazakhstan,Asia,Central Asia,if_member,active,partial,https://www.issf-sports.org/,"Current IF membership/association proxy for practising; partial coverage, not a claim of complete player registrations."
SHOOTING,射击 (Shooting),3,2024-2025 ISSF membership/practice proxy,KEN,Kenya,Africa,Eastern Africa,if_member,active,partial,https://www.issf-sports.org/,"Current IF membership/association proxy for practising; partial coverage, not a claim of complete player registrations."
SHOOTING,射击 (Shooting),3,2024-2025 ISSF membership/practice proxy,KGZ,Kyrgyzstan,Asia,Central Asia,if_member,active,partial,https://www.issf-sports.org/,"Current IF membership/association proxy for practising; partial coverage, not a claim of complete player registrations."
SHOOTING,射击 (Shooting),3,2024-2025 ISSF membership/practice proxy,KOR,South Korea,Asia,Eastern Asia,if_member,active,partial,https://www.issf-sports.org/,"Current IF membership/association proxy for practising; partial coverage, not a claim of complete player registrations."
SHOOTING,射击 (Shooting),3,2024-2025 ISSF membership/practice proxy,KWT,Kuwait,Asia,Western Asia,if_member,active,partial,https://www.issf-sports.org/,"Current IF membership/association proxy for practising; partial coverage, not a claim of complete player registrations."
SHOOTING,射击 (Shooting),3,2024-2025 ISSF membership/practice proxy,LAO,Laos,Asia,South-Eastern Asia,if_member,active,partial,https://www.issf-sports.org/,"Current IF membership/association proxy for practising; partial coverage, not a claim of complete player registrations."
SHOOTING,射击 (Shooting),3,2024-2025 ISSF membership/practice proxy,LBN,Lebanon,Asia,Western Asia,if_member,active,partial,https://www.issf-sports.org/,"Current IF membership/association proxy for practising; partial coverage, not a claim of complete player registrations."
SHOOTING,射击 (Shooting),3,2024-2025 ISSF membership/practice proxy,LBY,Libya,Africa,Northern Africa,if_member,active,partial,https://www.issf-sports.org/,"Current IF membership/association proxy for practising; partial coverage, not a claim of complete player registrations."
SHOOTING,射击 (Shooting),3,2024-2025 ISSF membership/practice proxy,LCA,Saint Lucia,Americas,Caribbean,if_member,active,partial,https://www.issf-sports.org/,"Current IF membership/association proxy for practising; partial coverage, not a claim of complete player registrations."
SHOOTING,射击 (Shooting),3,2024-2025 ISSF membership/practice proxy,LIE,Liechtenstein,Europe,Western Europe,if_member,active,partial,https://www.issf-sports.org/,"Current IF membership/association proxy for practising; partial coverage, not a claim of complete player registrations."
SHOOTING,射击 (Shooting),3,2024-2025 ISSF membership/practice proxy,LKA,Sri Lanka,Asia,Southern Asia,if_member,active,partial,https://www.issf-sports.org/,"Current IF membership/association proxy for practising; partial coverage, not a claim of complete player registrations."
SHOOTING,射击 (Shooting),3,2024-2025 ISSF membership/practice proxy,LTU,Lithuania,Europe,Northern Europe,if_member,active,partial,https://www.issf-sports.org/,"Current IF membership/association proxy for practising; partial coverage, not a claim of complete player registrations."
SHOOTING,射击 (Shooting),3,2024-2025 ISSF membership/practice proxy,LUX,Luxembourg,Europe,Western Europe,if_member,active,partial,https://www.issf-sports.org/,"Current IF membership/association proxy for practising; partial coverage, not a claim of complete player registrations."
SHOOTING,射击 (Shooting),3,2024-2025 ISSF membership/practice proxy,LVA,Latvia,Europe,Northern Europe,if_member,active,partial,https://www.issf-sports.org/,"Current IF membership/association proxy for practising; partial coverage, not a claim of complete player registrations."
SHOOTING,射击 (Shooting),3,2024-2025 ISSF membership/practice proxy,MAC,Macau,Asia,Eastern Asia,if_member,active,partial,https://www.issf-sports.org/,"Current IF membership/association proxy for practising; partial coverage, not a claim of complete player registrations."
SHOOTING,射击 (Shooting),3,2024-2025 ISSF membership/practice proxy,MAR,Morocco,Africa,Northern Africa,if_member,active,partial,https://www.issf-sports.org/,"Current IF membership/association proxy for practising; partial coverage, not a claim of complete player registrations."
SHOOTING,射击 (Shooting),3,2024-2025 ISSF membership/practice proxy,MCO,Monaco,Europe,Western Europe,if_member,active,partial,https://www.issf-sports.org/,"Current IF membership/association proxy for practising; partial coverage, not a claim of complete player registrations."
SHOOTING,射击 (Shooting),3,2024-2025 ISSF membership/practice proxy,MDA,Moldova,Europe,Eastern Europe,if_member,active,partial,https://www.issf-sports.org/,"Current IF membership/association proxy for practising; partial coverage, not a claim of complete player registrations."
SHOOTING,射击 (Shooting),3,2024-2025 ISSF membership/practice proxy,MDV,Maldives,Asia,Southern Asia,if_member,active,partial,https://www.issf-sports.org/,"Current IF membership/association proxy for practising; partial coverage, not a claim of complete player registrations."
SHOOTING,射击 (Shooting),3,2024-2025 ISSF membership/practice proxy,MEX,Mexico,Americas,North America,if_member,active,partial,https://www.issf-sports.org/,"Current IF membership/association proxy for practising; partial coverage, not a claim of complete player registrations."
SHOOTING,射击 (Shooting),3,2024-2025 ISSF membership/practice proxy,MKD,North Macedonia,Europe,Southeast Europe,if_member,active,partial,https://www.issf-sports.org/,"Current IF membership/association proxy for practising; partial coverage, not a claim of complete player registrations."
SHOOTING,射击 (Shooting),3,2024-2025 ISSF membership/practice proxy,MLT,Malta,Europe,Southern Europe,if_member,active,partial,https://www.issf-sports.org/,"Current IF membership/association proxy for practising; partial coverage, not a claim of complete player registrations."
SHOOTING,射击 (Shooting),3,2024-2025 ISSF membership/practice proxy,MMR,Myanmar,Asia,South-Eastern Asia,if_member,active,partial,https://www.issf-sports.org/,"Current IF membership/association proxy for practising; partial coverage, not a claim of complete player registrations."
SHOOTING,射击 (Shooting),3,2024-2025 ISSF membership/practice proxy,MNE,Montenegro,Europe,Southeast Europe,if_member,active,partial,https://www.issf-sports.org/,"Current IF membership/association proxy for practising; partial coverage, not a claim of complete player registrations."
SHOOTING,射击 (Shooting),3,2024-2025 ISSF membership/practice proxy,MNG,Mongolia,Asia,Eastern Asia,if_member,active,partial,https://www.issf-sports.org/,"Current IF membership/association proxy for practising; partial coverage, not a claim of complete player registrations."
SHOOTING,射击 (Shooting),3,2024-2025 ISSF membership/practice proxy,MRT,Mauritania,Africa,Western Africa,if_member,active,partial,https://www.issf-sports.org/,"Current IF membership/association proxy for practising; partial coverage, not a claim of complete player registrations."
SHOOTING,射击 (Shooting),3,2024-2025 ISSF membership/practice proxy,MYS,Malaysia,Asia,South-Eastern Asia,if_member,active,partial,https://www.issf-sports.org/,"Current IF membership/association proxy for practising; partial coverage, not a claim of complete player registrations."
SHOOTING,射击 (Shooting),3,2024-2025 ISSF membership/practice proxy,NAM,Namibia,Africa,Southern Africa,if_member,active,partial,https://www.issf-sports.org/,"Current IF membership/association proxy for practising; partial coverage, not a claim of complete player registrations."
SHOOTING,射击 (Shooting),3,2024-2025 ISSF membership/practice proxy,NGA,Nigeria,Africa,Western Africa,if_member,active,partial,https://www.issf-sports.org/,"Current IF membership/association proxy for practising; partial coverage, not a claim of complete player registrations."
SHOOTING,射击 (Shooting),3,2024-2025 ISSF membership/practice proxy,NIC,Nicaragua,Americas,Central America,if_member,active,partial,https://www.issf-sports.org/,"Current IF membership/association proxy for practising; partial coverage, not a claim of complete player registrations."
SHOOTING,射击 (Shooting),3,2024-2025 ISSF membership/practice proxy,NLD,Netherlands,Europe,Western Europe,if_member,active,partial,https://www.issf-sports.org/,"Current IF membership/association proxy for practising; partial coverage, not a claim of complete player registrations."
SHOOTING,射击 (Shooting),3,2024-2025 ISSF membership/practice proxy,NOR,Norway,Europe,Northern Europe,if_member,active,partial,https://www.issf-sports.org/,"Current IF membership/association proxy for practising; partial coverage, not a claim of complete player registrations."
SHOOTING,射击 (Shooting),3,2024-2025 ISSF membership/practice proxy,NPL,Nepal,Asia,Southern Asia,if_member,active,partial,https://www.issf-sports.org/,"Current IF membership/association proxy for practising; partial coverage, not a claim of complete player registrations."
SHOOTING,射击 (Shooting),3,2024-2025 ISSF membership/practice proxy,NZL,New Zealand,Oceania,Australia and New Zealand,if_member,active,partial,https://www.issf-sports.org/,"Current IF membership/association proxy for practising; partial coverage, not a claim of complete player registrations."
SHOOTING,射击 (Shooting),3,2024-2025 ISSF membership/practice proxy,OMN,Oman,Asia,Western Asia,if_member,active,partial,https://www.issf-sports.org/,"Current IF membership/association proxy for practising; partial coverage, not a claim of complete player registrations."
SHOOTING,射击 (Shooting),3,2024-2025 ISSF membership/practice proxy,PAK,Pakistan,Asia,Southern Asia,if_member,active,partial,https://www.issf-sports.org/,"Current IF membership/association proxy for practising; partial coverage, not a claim of complete player registrations."
SHOOTING,射击 (Shooting),3,2024-2025 ISSF membership/practice proxy,PAN,Panama,Americas,Central America,if_member,active,partial,https://www.issf-sports.org/,"Current IF membership/association proxy for practising; partial coverage, not a claim of complete player registrations."
SHOOTING,射击 (Shooting),3,2024-2025 ISSF membership/practice proxy,PER,Peru,Americas,South America,if_member,active,partial,https://www.issf-sports.org/,"Current IF membership/association proxy for practising; partial coverage, not a claim of complete player registrations."
SHOOTING,射击 (Shooting),3,2024-2025 ISSF membership/practice proxy,PHL,Philippines,Asia,South-Eastern Asia,if_member,active,partial,https://www.issf-sports.org/,"Current IF membership/association proxy for practising; partial coverage, not a claim of complete player registrations."
SHOOTING,射击 (Shooting),3,2024-2025 ISSF membership/practice proxy,PNG,Papua New Guinea,Oceania,Melanesia,if_member,active,partial,https://www.issf-sports.org/,"Current IF membership/association proxy for practising; partial coverage, not a claim of complete player registrations."
SHOOTING,射击 (Shooting),3,2024-2025 ISSF membership/practice proxy,POL,Poland,Europe,Central Europe,if_member,active,partial,https://www.issf-sports.org/,"Current IF membership/association proxy for practising; partial coverage, not a claim of complete player registrations."
SHOOTING,射击 (Shooting),3,2024-2025 ISSF membership/practice proxy,PRI,Puerto Rico,Americas,Caribbean,if_member,active,partial,https://www.issf-sports.org/,"Current IF membership/association proxy for practising; partial coverage, not a claim of complete player registrations."
SHOOTING,射击 (Shooting),3,2024-2025 ISSF membership/practice proxy,PRK,North Korea,Asia,Eastern Asia,if_member,active,partial,https://www.issf-sports.org/,"Current IF membership/association proxy for practising; partial coverage, not a claim of complete player registrations."
SHOOTING,射击 (Shooting),3,2024-2025 ISSF membership/practice proxy,PRT,Portugal,Europe,Southern Europe,if_member,active,partial,https://www.issf-sports.org/,"Current IF membership/association proxy for practising; partial coverage, not a claim of complete player registrations."
SHOOTING,射击 (Shooting),3,2024-2025 ISSF membership/practice proxy,PRY,Paraguay,Americas,South America,if_member,active,partial,https://www.issf-sports.org/,"Current IF membership/association proxy for practising; partial coverage, not a claim of complete player registrations."
SHOOTING,射击 (Shooting),3,2024-2025 ISSF membership/practice proxy,PSE,Palestine,Asia,Western Asia,if_member,active,partial,https://www.issf-sports.org/,"Current IF membership/association proxy for practising; partial coverage, not a claim of complete player registrations."
SHOOTING,射击 (Shooting),3,2024-2025 ISSF membership/practice proxy,QAT,Qatar,Asia,Western Asia,if_member,active,partial,https://www.issf-sports.org/,"Current IF membership/association proxy for practising; partial coverage, not a claim of complete player registrations."
SHOOTING,射击 (Shooting),3,2024-2025 ISSF membership/practice proxy,ROU,Romania,Europe,Southeast Europe,if_member,active,partial,https://www.issf-sports.org/,"Current IF membership/association proxy for practising; partial coverage, not a claim of complete player registrations."
SHOOTING,射击 (Shooting),3,2024-2025 ISSF membership/practice proxy,RUS,Russia,Europe,Eastern Europe,if_member,active,partial,https://www.issf-sports.org/,"Current IF membership/association proxy for practising; partial coverage, not a claim of complete player registrations."
SHOOTING,射击 (Shooting),3,2024-2025 ISSF membership/practice proxy,SAU,Saudi Arabia,Asia,Western Asia,if_member,active,partial,https://www.issf-sports.org/,"Current IF membership/association proxy for practising; partial coverage, not a claim of complete player registrations."
SHOOTING,射击 (Shooting),3,2024-2025 ISSF membership/practice proxy,SDN,Sudan,Africa,Northern Africa,if_member,active,partial,https://www.issf-sports.org/,"Current IF membership/association proxy for practising; partial coverage, not a claim of complete player registrations."
SHOOTING,射击 (Shooting),3,2024-2025 ISSF membership/practice proxy,SEN,Senegal,Africa,Western Africa,if_member,active,partial,https://www.issf-sports.org/,"Current IF membership/association proxy for practising; partial coverage, not a claim of complete player registrations."
SHOOTING,射击 (Shooting),3,2024-2025 ISSF membership/practice proxy,SGP,Singapore,Asia,South-Eastern Asia,if_member,active,partial,https://www.issf-sports.org/,"Current IF membership/association proxy for practising; partial coverage, not a claim of complete player registrations."
SHOOTING,射击 (Shooting),3,2024-2025 ISSF membership/practice proxy,SLV,El Salvador,Americas,Central America,if_member,active,partial,https://www.issf-sports.org/,"Current IF membership/association proxy for practising; partial coverage, not a claim of complete player registrations."
SHOOTING,射击 (Shooting),3,2024-2025 ISSF membership/practice proxy,SMR,San Marino,Europe,Southern Europe,if_member,active,partial,https://www.issf-sports.org/,"Current IF membership/association proxy for practising; partial coverage, not a claim of complete player registrations."
SHOOTING,射击 (Shooting),3,2024-2025 ISSF membership/practice proxy,SRB,Serbia,Europe,Southeast Europe,if_member,active,partial,https://www.issf-sports.org/,"Current IF membership/association proxy for practising; partial coverage, not a claim of complete player registrations."
SHOOTING,射击 (Shooting),3,2024-2025 ISSF membership/practice proxy,SUR,Suriname,Americas,South America,if_member,active,partial,https://www.issf-sports.org/,"Current IF membership/association proxy for practising; partial coverage, not a claim of complete player registrations."
SHOOTING,射击 (Shooting),3,2024-2025 ISSF membership/practice proxy,SVK,Slovakia,Europe,Central Europe,if_member,active,partial,https://www.issf-sports.org/,"Current IF membership/association proxy for practising; partial coverage, not a claim of complete player registrations."
SHOOTING,射击 (Shooting),3,2024-2025 ISSF membership/practice proxy,SVN,Slovenia,Europe,Central Europe,if_member,active,partial,https://www.issf-sports.org/,"Current IF membership/association proxy for practising; partial coverage, not a claim of complete player registrations."
SHOOTING,射击 (Shooting),3,2024-2025 ISSF membership/practice proxy,SWE,Sweden,Europe,Northern Europe,if_member,active,partial,https://www.issf-sports.org/,"Current IF membership/association proxy for practising; partial coverage, not a claim of complete player registrations."
SHOOTING,射击 (Shooting),3,2024-2025 ISSF membership/practice proxy,SYR,Syria,Asia,Western Asia,if_member,active,partial,https://www.issf-sports.org/,"Current IF membership/association proxy for practising; partial coverage, not a claim of complete player registrations."
SHOOTING,射击 (Shooting),3,2024-2025 ISSF membership/practice proxy,THA,Thailand,Asia,South-Eastern Asia,if_member,active,partial,https://www.issf-sports.org/,"Current IF membership/association proxy for practising; partial coverage, not a claim of complete player registrations."
SHOOTING,射击 (Shooting),3,2024-2025 ISSF membership/practice proxy,TJK,Tajikistan,Asia,Central Asia,if_member,active,partial,https://www.issf-sports.org/,"Current IF membership/association proxy for practising; partial coverage, not a claim of complete player registrations."
SHOOTING,射击 (Shooting),3,2024-2025 ISSF membership/practice proxy,TKM,Turkmenistan,Asia,Central Asia,if_member,active,partial,https://www.issf-sports.org/,"Current IF membership/association proxy for practising; partial coverage, not a claim of complete player registrations."
SHOOTING,射击 (Shooting),3,2024-2025 ISSF membership/practice proxy,TLS,Timor-Leste,Asia,South-Eastern Asia,if_member,active,partial,https://www.issf-sports.org/,"Current IF membership/association proxy for practising; partial coverage, not a claim of complete player registrations."
SHOOTING,射击 (Shooting),3,2024-2025 ISSF membership/practice proxy,TON,Tonga,Oceania,Polynesia,if_member,active,partial,https://www.issf-sports.org/,"Current IF membership/association proxy for practising; partial coverage, not a claim of complete player registrations."
SHOOTING,射击 (Shooting),3,2024-2025 ISSF membership/practice proxy,TTO,Trinidad and Tobago,Americas,Caribbean,if_member,active,partial,https://www.issf-sports.org/,"Current IF membership/association proxy for practising; partial coverage, not a claim of complete player registrations."
SHOOTING,射击 (Shooting),3,2024-2025 ISSF membership/practice proxy,TUN,Tunisia,Africa,Northern Africa,if_member,active,partial,https://www.issf-sports.org/,"Current IF membership/association proxy for practising; partial coverage, not a claim of complete player registrations."
SHOOTING,射击 (Shooting),3,2024-2025 ISSF membership/practice proxy,TUR,Türkiye,Asia,Western Asia,if_member,active,partial,https://www.issf-sports.org/,"Current IF membership/association proxy for practising; partial coverage, not a claim of complete player registrations."
SHOOTING,射击 (Shooting),3,2024-2025 ISSF membership/practice proxy,TUV,Tuvalu,Oceania,Polynesia,if_member,active,partial,https://www.issf-sports.org/,"Current IF membership/association proxy for practising; partial coverage, not a claim of complete player registrations."
SHOOTING,射击 (Shooting),3,2024-2025 ISSF membership/practice proxy,TWN,Taiwan,Asia,Eastern Asia,if_member,active,partial,https://www.issf-sports.org/,"Current IF membership/association proxy for practising; partial coverage, not a claim of complete player registrations."
SHOOTING,射击 (Shooting),3,2024-2025 ISSF membership/practice proxy,UKR,Ukraine,Europe,Eastern Europe,if_member,active,partial,https://www.issf-sports.org/,"Current IF membership/association proxy for practising; partial coverage, not a claim of complete player registrations."
SHOOTING,射击 (Shooting),3,2024-2025 ISSF membership/practice proxy,UNK,Kosovo,Europe,Southeast Europe,if_member,active,partial,https://www.issf-sports.org/,"Current IF membership/association proxy for practising; partial coverage, not a claim of complete player registrations."
SHOOTING,射击 (Shooting),3,2024-2025 ISSF membership/practice proxy,URY,Uruguay,Americas,South America,if_member,active,partial,https://www.issf-sports.org/,"Current IF membership/association proxy for practising; partial coverage, not a claim of complete player registrations."
SHOOTING,射击 (Shooting),3,2024-2025 ISSF membership/practice proxy,USA,United States,Americas,North America,if_member,active,partial,https://www.issf-sports.org/,"Current IF membership/association proxy for practising; partial coverage, not a claim of complete player registrations."
SHOOTING,射击 (Shooting),3,2024-2025 ISSF membership/practice proxy,UZB,Uzbekistan,Asia,Central Asia,if_member,active,partial,https://www.issf-sports.org/,"Current IF membership/association proxy for practising; partial coverage, not a claim of complete player registrations."
SHOOTING,射击 (Shooting),3,2024-2025 ISSF membership/practice proxy,VEN,Venezuela,Americas,South America,if_member,active,partial,https://www.issf-sports.org/,"Current IF membership/association proxy for practising; partial coverage, not a claim of complete player registrations."
SHOOTING,射击 (Shooting),3,2024-2025 ISSF membership/practice proxy,VIR,United States Virgin Islands,Americas,Caribbean,if_member,active,partial,https://www.issf-sports.org/,"Current IF membership/association proxy for practising; partial coverage, not a claim of complete player registrations."
SHOOTING,射击 (Shooting),3,2024-2025 ISSF membership/practice proxy,VNM,Vietnam,Asia,South-Eastern Asia,if_member,active,partial,https://www.issf-sports.org/,"Current IF membership/association proxy for practising; partial coverage, not a claim of complete player registrations."
SHOOTING,射击 (Shooting),3,2024-2025 ISSF membership/practice proxy,WSM,Samoa,Oceania,Polynesia,if_member,active,partial,https://www.issf-sports.org/,"Current IF membership/association proxy for practising; partial coverage, not a claim of complete player registrations."
SHOOTING,射击 (Shooting),3,2024-2025 ISSF membership/practice proxy,YEM,Yemen,Asia,Western Asia,if_member,active,partial,https://www.issf-sports.org/,"Current IF membership/association proxy for practising; partial coverage, not a claim of complete player registrations."
SHOOTING,射击 (Shooting),3,2024-2025 ISSF membership/practice proxy,ZAF,South Africa,Africa,Southern Africa,if_member,active,partial,https://www.issf-sports.org/,"Current IF membership/association proxy for practising; partial coverage, not a claim of complete player registrations."
SHOOTING,射击 (Shooting),3,2024-2025 ISSF membership/practice proxy,ZWE,Zimbabwe,Africa,Eastern Africa,if_member,active,partial,https://www.issf-sports.org/,"Current IF membership/association proxy for practising; partial coverage, not a claim of complete player registrations."
