sde_id,sde_name,R1_YoungAppeal,R2_YearScore,source,notes
BOXING,拳击 (Boxing),0.72,0.25,User-provided Relevance and Innovation input data,Original source for R1/R2 is not included in the provided code.
BREAKING,霹雳舞 (Breaking),0.95,0.75,User-provided Relevance and Innovation input data,Original source for R1/R2 is not included in the provided code.
KARATE,空手道 (Karate),0.45,0.50,User-provided Relevance and Innovation input data,Original source for R1/R2 is not included in the provided code.
CRICKET,板球 (Cricket T20),0.68,0.00,User-provided Relevance and Innovation input data,Original source for R1/R2 is not included in the provided code.
FLAG_FOOTBALL,腰旗橄榄球 (Flag Football),0.82,0.75,User-provided Relevance and Innovation input data,Original source for R1/R2 is not included in the provided code.
SQUASH,壁球 (Squash),0.40,0.00,User-provided Relevance and Innovation input data,Original source for R1/R2 is not included in the provided code.
LACROSSE_SIXES,六人制长曲棍球 (Lacrosse Sixes),0.55,1.00,User-provided Relevance and Innovation input data,Original source for R1/R2 is not included in the provided code.
TRACK_CYCLING,场馆自行车 (Cycling Track),0.48,0.25,User-provided Relevance and Innovation input data,Original source for R1/R2 is not included in the provided code.
ATHLETICS,田径 (Athletics),0.60,0.50,User-provided Relevance and Innovation input data,Original source for R1/R2 is not included in the provided code.
FENCING,击剑 (Fencing),0.42,0.25,User-provided Relevance and Innovation input data,Original source for R1/R2 is not included in the provided code.
SWIMMING,游泳 (Swimming),0.58,0.50,User-provided Relevance and Innovation input data,Original source for R1/R2 is not included in the provided code.
JUDO,柔道 (Judo),0.44,0.25,User-provided Relevance and Innovation input data,Original source for R1/R2 is not included in the provided code.
MODERN_PENTATHLON,现代五项 (Modern Pentathlon),0.30,0.50,User-provided Relevance and Innovation input data,Original source for R1/R2 is not included in the provided code.
SHOOTING,射击 (Shooting),0.22,0.50,User-provided Relevance and Innovation input data,Original source for R1/R2 is not included in the provided code.
BADMINTON,羽毛球 (Badminton),0.62,0.50,User-provided Relevance and Innovation input data,Original source for R1/R2 is not included in the provided code.
WEIGHTLIFTING,举重 (Weightlifting),0.25,0.50,User-provided Relevance and Innovation input data,Original source for R1/R2 is not included in the provided code.
TENNIS,网球 (Tennis),0.70,0.25,User-provided Relevance and Innovation input data,Original source for R1/R2 is not included in the provided code.
FOOTBALL,足球 (Football),0.88,0.25,User-provided Relevance and Innovation input data,Original source for R1/R2 is not included in the provided code.
BASKETBALL,篮球 (Basketball),0.90,0.50,User-provided Relevance and Innovation input data,Original source for R1/R2 is not included in the provided code.
DIVING,跳水 (Diving),0.50,0.25,User-provided Relevance and Innovation input data,Original source for R1/R2 is not included in the provided code.
FIELD_HOCKEY,场地曲棍球 (Field Hockey),0.38,0.25,User-provided Relevance and Innovation input data,Original source for R1/R2 is not included in the provided code.
