SDE_ID,Sport,Year,Male_Athletes,Female_Athletes,Source,Notes
BOXING,Boxing (拳击),2008,283,0,https://www.olympedia.org/editions/53/sports/BOX,Olympedia official Olympic event rows; participant-event sum used as proxy.
BOXING,Boxing (拳击),2012,247,36,https://www.olympedia.org/editions/54/sports/BOX,Olympedia official Olympic event rows; participant-event sum used as proxy.
BOXING,Boxing (拳击),2016,247,36,https://www.olympedia.org/editions/59/sports/BOX,Olympedia official Olympic event rows; participant-event sum used as proxy.
BOXING,Boxing (拳击),2020,187,102,https://www.olympedia.org/editions/61/sports/BOX,Olympedia official Olympic event rows; participant-event sum used as proxy.
BOXING,Boxing (拳击),2024,124,122,https://www.olympedia.org/editions/63/sports/BOX,Olympedia official Olympic event rows; participant-event sum used as proxy.
BREAKING,Breaking (霹雳舞),2024,16,17,https://www.olympedia.org/editions/63/sports/BKG,Olympedia official Olympic event rows; participant-event sum used as proxy.
KARATE,Karate (空手道),2020,42,39,https://www.olympedia.org/editions/61/sports/KTE,Olympedia official Olympic event rows; participant-event sum used as proxy.
CRICKET,Cricket T20 (板球),2024,90,90,https://en.wikipedia.org/wiki/Cricket_at_the_2028_Summer_Olympics,LA28 planned parity proxy; no Olympic history before 2028.
CRICKET,Cricket T20 (板球),2028,90,90,https://en.wikipedia.org/wiki/Cricket_at_the_2028_Summer_Olympics,LA28 planned parity proxy; no Olympic history before 2028.
FLAG_FOOTBALL,Flag Football (腰旗橄榄球),2024,60,60,https://en.wikipedia.org/wiki/Flag_football_at_the_2028_Summer_Olympics,LA28 planned parity proxy; no Olympic history before 2028.
FLAG_FOOTBALL,Flag Football (腰旗橄榄球),2028,60,60,https://en.wikipedia.org/wiki/Flag_football_at_the_2028_Summer_Olympics,LA28 planned parity proxy; no Olympic history before 2028.
SQUASH,Squash (壁球),2024,16,16,https://en.wikipedia.org/wiki/Squash_at_the_2028_Summer_Olympics,LA28 planned parity proxy; no Olympic history before 2028.
SQUASH,Squash (壁球),2028,16,16,https://en.wikipedia.org/wiki/Squash_at_the_2028_Summer_Olympics,LA28 planned parity proxy; no Olympic history before 2028.
LACROSSE_SIXES,Lacrosse Sixes (六人制长曲棍球),2024,72,72,https://en.wikipedia.org/wiki/2028_Summer_Olympics,LA28 planned parity proxy; no Olympic history before 2028.
LACROSSE_SIXES,Lacrosse Sixes (六人制长曲棍球),2028,72,72,https://en.wikipedia.org/wiki/2028_Summer_Olympics,LA28 planned parity proxy; no Olympic history before 2028.
TRACK_CYCLING,Cycling Track (场地自行车),2008,204,47,https://www.olympedia.org/editions/53/sports/CTR,Olympedia official Olympic event rows; participant-event sum used as proxy.
TRACK_CYCLING,Cycling Track (场地自行车),2012,127,106,https://www.olympedia.org/editions/54/sports/CTR,Olympedia official Olympic event rows; participant-event sum used as proxy.
TRACK_CYCLING,Cycling Track (场地自行车),2016,140,129,https://www.olympedia.org/editions/59/sports/CTR,Olympedia official Olympic event rows; participant-event sum used as proxy.
TRACK_CYCLING,Cycling Track (场地自行车),2020,175,163,https://www.olympedia.org/editions/61/sports/CTR,Olympedia official Olympic event rows; participant-event sum used as proxy.
TRACK_CYCLING,Cycling Track (场地自行车),2024,178,178,https://www.olympedia.org/editions/63/sports/CTR,Olympedia official Olympic event rows; participant-event sum used as proxy.
ATHLETICS,Athletics (田径),2008,1176,1068,https://www.olympedia.org/editions/53/sports/ATH,Olympedia official Olympic event rows; participant-event sum used as proxy.
ATHLETICS,Athletics (田径),2012,1181,1097,https://www.olympedia.org/editions/54/sports/ATH,Olympedia official Olympic event rows; participant-event sum used as proxy.
ATHLETICS,Athletics (田径),2016,1301,1208,https://www.olympedia.org/editions/59/sports/ATH,Olympedia official Olympic event rows; participant-event sum used as proxy.
ATHLETICS,Athletics (田径),2020,1119,1033,https://www.olympedia.org/editions/61/sports/ATH,Olympedia official Olympic event rows; participant-event sum used as proxy.
ATHLETICS,Athletics (田径),2024,1067,1071,https://www.olympedia.org/editions/63/sports/ATH,Olympedia official Olympic event rows; participant-event sum used as proxy.
FENCING,Fencing (击剑),2008,168,164,https://www.olympedia.org/editions/53/sports/FEN,Olympedia official Olympic event rows; participant-event sum used as proxy.
FENCING,Fencing (击剑),2012,171,174,https://www.olympedia.org/editions/54/sports/FEN,Olympedia official Olympic event rows; participant-event sum used as proxy.
FENCING,Fencing (击剑),2016,172,174,https://www.olympedia.org/editions/59/sports/FEN,Olympedia official Olympic event rows; participant-event sum used as proxy.
FENCING,Fencing (击剑),2020,211,203,https://www.olympedia.org/editions/61/sports/FEN,Olympedia official Olympic event rows; participant-event sum used as proxy.
FENCING,Fencing (击剑),2024,202,201,https://www.olympedia.org/editions/63/sports/FEN,Olympedia official Olympic event rows; participant-event sum used as proxy.
SWIMMING,Swimming (游泳),2008,894,805,https://www.olympedia.org/editions/53/sports/SWM,Olympedia official Olympic event rows; participant-event sum used as proxy.
SWIMMING,Swimming (游泳),2012,738,751,https://www.olympedia.org/editions/54/sports/SWM,Olympedia official Olympic event rows; participant-event sum used as proxy.
SWIMMING,Swimming (游泳),2016,782,735,https://www.olympedia.org/editions/59/sports/SWM,Olympedia official Olympic event rows; participant-event sum used as proxy.
SWIMMING,Swimming (游泳),2020,861,744,https://www.olympedia.org/editions/61/sports/SWM,Olympedia official Olympic event rows; participant-event sum used as proxy.
SWIMMING,Swimming (游泳),2024,771,682,https://www.olympedia.org/editions/63/sports/SWM,Olympedia official Olympic event rows; participant-event sum used as proxy.
JUDO,Judo (柔道),2008,230,156,https://www.olympedia.org/editions/53/sports/JUD,Olympedia official Olympic event rows; participant-event sum used as proxy.
JUDO,Judo (柔道),2012,231,153,https://www.olympedia.org/editions/54/sports/JUD,Olympedia official Olympic event rows; participant-event sum used as proxy.
JUDO,Judo (柔道),2016,237,152,https://www.olympedia.org/editions/59/sports/JUD,Olympedia official Olympic event rows; participant-event sum used as proxy.
JUDO,Judo (柔道),2020,238,232,https://www.olympedia.org/editions/61/sports/JUD,Olympedia official Olympic event rows; participant-event sum used as proxy.
JUDO,Judo (柔道),2024,256,250,https://www.olympedia.org/editions/63/sports/JUD,Olympedia official Olympic event rows; participant-event sum used as proxy.
MODERN_PENTATHLON,Modern Pentathlon (现代五项),2008,36,36,https://www.olympedia.org/editions/53/sports/MPN,Olympedia official Olympic event rows; participant-event sum used as proxy.
MODERN_PENTATHLON,Modern Pentathlon (现代五项),2012,36,36,https://www.olympedia.org/editions/54/sports/MPN,Olympedia official Olympic event rows; participant-event sum used as proxy.
MODERN_PENTATHLON,Modern Pentathlon (现代五项),2016,36,36,https://www.olympedia.org/editions/59/sports/MPN,Olympedia official Olympic event rows; participant-event sum used as proxy.
MODERN_PENTATHLON,Modern Pentathlon (现代五项),2020,36,36,https://www.olympedia.org/editions/61/sports/MPN,Olympedia official Olympic event rows; participant-event sum used as proxy.
MODERN_PENTATHLON,Modern Pentathlon (现代五项),2024,36,36,https://www.olympedia.org/editions/63/sports/MPN,Olympedia official Olympic event rows; participant-event sum used as proxy.
SHOOTING,Shooting (射击),2008,363,214,https://www.olympedia.org/editions/53/sports/SHO,Olympedia official Olympic event rows; participant-event sum used as proxy.
SHOOTING,Shooting (射击),2012,331,229,https://www.olympedia.org/editions/54/sports/SHO,Olympedia official Olympic event rows; participant-event sum used as proxy.
SHOOTING,Shooting (射击),2016,341,214,https://www.olympedia.org/editions/59/sports/SHO,Olympedia official Olympic event rows; participant-event sum used as proxy.
SHOOTING,Shooting (射击),2020,273,303,https://www.olympedia.org/editions/61/sports/SHO,Olympedia official Olympic event rows; participant-event sum used as proxy.
SHOOTING,Shooting (射击),2024,275,278,https://www.olympedia.org/editions/63/sports/SHO,Olympedia official Olympic event rows; participant-event sum used as proxy.
BADMINTON,Badminton (羽毛球),2008,89,95,https://www.olympedia.org/editions/53/sports/BDM,Olympedia official Olympic event rows; participant-event sum used as proxy.
BADMINTON,Badminton (羽毛球),2012,88,94,https://www.olympedia.org/editions/54/sports/BDM,Olympedia official Olympic event rows; participant-event sum used as proxy.
BADMINTON,Badminton (羽毛球),2016,89,88,https://www.olympedia.org/editions/59/sports/BDM,Olympedia official Olympic event rows; participant-event sum used as proxy.
BADMINTON,Badminton (羽毛球),2020,89,91,https://www.olympedia.org/editions/61/sports/BDM,Olympedia official Olympic event rows; participant-event sum used as proxy.
BADMINTON,Badminton (羽毛球),2024,90,86,https://www.olympedia.org/editions/63/sports/BDM,Olympedia official Olympic event rows; participant-event sum used as proxy.
WEIGHTLIFTING,Weightlifting (举重),2008,166,87,https://www.olympedia.org/editions/53/sports/WLF,Olympedia official Olympic event rows; participant-event sum used as proxy.
WEIGHTLIFTING,Weightlifting (举重),2012,149,103,https://www.olympedia.org/editions/54/sports/WLF,Olympedia official Olympic event rows; participant-event sum used as proxy.
WEIGHTLIFTING,Weightlifting (举重),2016,152,103,https://www.olympedia.org/editions/59/sports/WLF,Olympedia official Olympic event rows; participant-event sum used as proxy.
WEIGHTLIFTING,Weightlifting (举重),2020,98,96,https://www.olympedia.org/editions/61/sports/WLF,Olympedia official Olympic event rows; participant-event sum used as proxy.
WEIGHTLIFTING,Weightlifting (举重),2024,61,61,https://www.olympedia.org/editions/63/sports/WLF,Olympedia official Olympic event rows; participant-event sum used as proxy.
TENNIS,Tennis (网球),2008,128,126,https://www.olympedia.org/editions/53/sports/TEN,Olympedia official Olympic event rows; participant-event sum used as proxy.
TENNIS,Tennis (网球),2012,144,142,https://www.olympedia.org/editions/54/sports/TEN,Olympedia official Olympic event rows; participant-event sum used as proxy.
TENNIS,Tennis (网球),2016,143,143,https://www.olympedia.org/editions/59/sports/TEN,Olympedia official Olympic event rows; participant-event sum used as proxy.
TENNIS,Tennis (网球),2020,144,144,https://www.olympedia.org/editions/61/sports/TEN,Olympedia official Olympic event rows; participant-event sum used as proxy.
TENNIS,Tennis (网球),2024,144,144,https://www.olympedia.org/editions/63/sports/TEN,Olympedia official Olympic event rows; participant-event sum used as proxy.
FOOTBALL,Football (足球),2008,274,195,https://www.olympedia.org/editions/53/sports/FBL,Olympedia official Olympic event rows; participant-event sum used as proxy.
FOOTBALL,Football (足球),2012,267,200,https://www.olympedia.org/editions/54/sports/FBL,Olympedia official Olympic event rows; participant-event sum used as proxy.
FOOTBALL,Football (足球),2016,270,203,https://www.olympedia.org/editions/59/sports/FBL,Olympedia official Olympic event rows; participant-event sum used as proxy.
FOOTBALL,Football (足球),2020,296,228,https://www.olympedia.org/editions/61/sports/FBL,Olympedia official Olympic event rows; participant-event sum used as proxy.
FOOTBALL,Football (足球),2024,291,215,https://www.olympedia.org/editions/63/sports/FBL,Olympedia official Olympic event rows; participant-event sum used as proxy.
BASKETBALL,Basketball (篮球),2008,144,143,https://www.olympedia.org/editions/53/sports/BKB,Olympedia official Olympic event rows; participant-event sum used as proxy.
BASKETBALL,Basketball (篮球),2012,144,143,https://www.olympedia.org/editions/54/sports/BKB,Olympedia official Olympic event rows; participant-event sum used as proxy.
BASKETBALL,Basketball (篮球),2016,141,140,https://www.olympedia.org/editions/59/sports/BKB,Olympedia official Olympic event rows; participant-event sum used as proxy.
BASKETBALL,Basketball (篮球),2020,143,142,https://www.olympedia.org/editions/61/sports/BKB,Olympedia official Olympic event rows; participant-event sum used as proxy.
BASKETBALL,Basketball (篮球),2024,142,144,https://www.olympedia.org/editions/63/sports/BKB,Olympedia official Olympic event rows; participant-event sum used as proxy.
DIVING,Diving (跳水),2008,91,91,https://www.olympedia.org/editions/53/sports/DIV,Olympedia official Olympic event rows; participant-event sum used as proxy.
DIVING,Diving (跳水),2012,93,88,https://www.olympedia.org/editions/54/sports/DIV,Olympedia official Olympic event rows; participant-event sum used as proxy.
DIVING,Diving (跳水),2016,89,89,https://www.olympedia.org/editions/59/sports/DIV,Olympedia official Olympic event rows; participant-event sum used as proxy.
DIVING,Diving (跳水),2020,90,89,https://www.olympedia.org/editions/61/sports/DIV,Olympedia official Olympic event rows; participant-event sum used as proxy.
DIVING,Diving (跳水),2024,83,89,https://www.olympedia.org/editions/63/sports/DIV,Olympedia official Olympic event rows; participant-event sum used as proxy.
FIELD_HOCKEY,Field Hockey (场地曲棍球),2008,196,191,https://www.olympedia.org/editions/53/sports/HOC,Olympedia official Olympic event rows; participant-event sum used as proxy.
FIELD_HOCKEY,Field Hockey (场地曲棍球),2012,196,191,https://www.olympedia.org/editions/54/sports/HOC,Olympedia official Olympic event rows; participant-event sum used as proxy.
FIELD_HOCKEY,Field Hockey (场地曲棍球),2016,196,194,https://www.olympedia.org/editions/59/sports/HOC,Olympedia official Olympic event rows; participant-event sum used as proxy.
FIELD_HOCKEY,Field Hockey (场地曲棍球),2020,213,209,https://www.olympedia.org/editions/61/sports/HOC,Olympedia official Olympic event rows; participant-event sum used as proxy.
FIELD_HOCKEY,Field Hockey (场地曲棍球),2024,212,203,https://www.olympedia.org/editions/63/sports/HOC,Olympedia official Olympic event rows; participant-event sum used as proxy.
