sde_id,sport,sport_cn,C1_ViewShare_Pct,C2_Attendance_Pct,C3_Nations,C4_RegisteredAthletes,C5_Top5AvgFollowers_10k,S_PerCapitaCost_KUSD,Popularity_Score,Sustainability_Cost_Score,Total_Score,source,notes
BOXING,Boxing,拳击,3.0,85,152,20000000,1000,60,0.4256,0.8727,0.4927,Provided olympic_evaluation.py,Original sources not included in the script.
BREAKING,Breaking,霹雳舞,1.5,80,100,100000,50,30,0.1939,0.9818,0.3121,Provided olympic_evaluation.py,Original sources not included in the script.
KARATE,Karate,空手道,1.0,75,200,10000000,20,50,0.2639,0.9091,0.3607,Provided olympic_evaluation.py,Original sources not included in the script.
CRICKET,Cricket T20,板球,5.0,80,111,45000000,3000,100,0.4716,0.7273,0.5100,Provided olympic_evaluation.py,Original sources not included in the script.
FLAG_FOOTBALL,Flag Football,腰旗橄榄球,2.0,85,70,10000000,50,35,0.2461,0.9636,0.3538,Provided olympic_evaluation.py,Original sources not included in the script.
SQUASH,Squash,壁球,1.0,70,120,20000000,5,65,0.1574,0.8545,0.2620,Provided olympic_evaluation.py,Original sources not included in the script.
LACROSSE_SIXES,Lacrosse Sixes,六人制长曲棍球,1.0,75,92,1000000,2,80,0.1043,0.8000,0.2087,Provided olympic_evaluation.py,Original sources not included in the script.
TRACK_CYCLING,Cycling Track,场馆自行车,3.0,85,180,50000000,500,75,0.4387,0.8182,0.4956,Provided olympic_evaluation.py,Original sources not included in the script.
ATHLETICS,Athletics,田径,15.0,100,214,750000000,150,35,0.8608,0.9636,0.8763,Provided olympic_evaluation.py,Original sources not included in the script.
FENCING,Fencing,击剑,1.0,75,150,5000000,5,120,0.1844,0.6545,0.2549,Provided olympic_evaluation.py,Original sources not included in the script.
SWIMMING,Swimming,游泳,12.0,100,209,30000000,100,80,0.7273,0.8000,0.7382,Provided olympic_evaluation.py,Original sources not included in the script.
JUDO,Judo,柔道,2.0,90,207,20000000,30,50,0.3654,0.9091,0.4470,Provided olympic_evaluation.py,Original sources not included in the script.
MODERN_PENTATHLON,Modern Pentathlon,现代五项,0.5,60,110,500000,2,300,0.0475,0.0000,0.0404,Provided olympic_evaluation.py,Original sources not included in the script.
SHOOTING,Shooting,射击,1.0,60,158,10000000,5,150,0.1478,0.5455,0.2074,Provided olympic_evaluation.py,Original sources not included in the script.
BADMINTON,Badminton,羽毛球,3.0,75,204,220000000,50,45,0.3790,0.9273,0.4612,Provided olympic_evaluation.py,Original sources not included in the script.
WEIGHTLIFTING,Weightlifting,举重,1.0,70,190,15000000,10,60,0.2263,0.8727,0.3233,Provided olympic_evaluation.py,Original sources not included in the script.
TENNIS,Tennis,网球,6.0,95,207,106000000,1000,55,0.6065,0.8909,0.6491,Provided olympic_evaluation.py,Original sources not included in the script.
FOOTBALL,Football,足球,8.0,90,211,265000000,30000,25,0.7498,1.0000,0.7874,Provided olympic_evaluation.py,Original sources not included in the script.
BASKETBALL,Basketball,篮球,7.0,100,213,450000000,8000,40,0.7258,0.9455,0.7587,Provided olympic_evaluation.py,Original sources not included in the script.
DIVING,Diving,跳水,4.0,85,209,2000000,100,90,0.4175,0.7636,0.4694,Provided olympic_evaluation.py,Original sources not included in the script.
FIELD_HOCKEY,Field Hockey,场地曲棍球,1.0,80,140,3000000,10,85,0.2040,0.7818,0.2907,Provided olympic_evaluation.py,Original sources not included in the script.
